<module>
  <component name="DeprecatedModuleOptionManager">
    <option key="type" value="JAVA_MODULE" />
  </component>
  <component name="ExternalFacetManager">
    <facet __external-system-id="GRADLE" type="android" name="Android">
      <configuration>
        <option name="SELECTED_BUILD_VARIANT" value="debug" />
        <option name="ALLOW_USER_CONFIGURATION" value="false" />
        <option name="MANIFEST_FILE_RELATIVE_PATH" value="/src/main/AndroidManifest.xml" />
        <option name="RES_FOLDER_RELATIVE_PATH" value="/src/main/res" />
        <option name="RES_FOLDERS_RELATIVE_PATH" value="" />
        <option name="TEST_RES_FOLDERS_RELATIVE_PATH" value="file://$MODULE_DIR$/../../../app/src/androidTest/res;file://$MODULE_DIR$/../../../app/src/androidTestDebug/res;file://$MODULE_DIR$/../../../app/build/generated/res/resValues/androidTest/debug" />
        <option name="ASSETS_FOLDER_RELATIVE_PATH" value="/src/main/assets" />
      </configuration>
    </facet>
  </component>
  <component name="ExternalSystem" externalSystem="GRADLE" externalSystemModuleType="sourceSet" linkedProjectId=":app:androidTest" linkedProjectPath="$MODULE_DIR$/../../../app" rootProjectPath="$MODULE_DIR$/../../.." />
  <component name="NewModuleRootManager" LANGUAGE_LEVEL="JDK_1_8">
    <output-test url="file://$MODULE_DIR$/../../../app/build/intermediates/javac/debugAndroidTest/compileDebugAndroidTestJavaWithJavac/classes" />
    <exclude-output />
    <content url="file://$MODULE_DIR$/../../../app/build/generated/ap_generated_sources/debugAndroidTest/out" />
    <content url="file://$MODULE_DIR$/../../../app/build/generated/res/resValues/androidTest/debug" />
    <content url="file://$MODULE_DIR$/../../../app/src/androidTest">
      <sourceFolder url="file://$MODULE_DIR$/../../../app/src/androidTest/java" isTestSource="true" />
    </content>
    <content url="file://$MODULE_DIR$/../../../app/src/androidTestDebug" />
    <orderEntry type="jdk" jdkName="Android API 34, extension level 7 Platform" jdkType="Android SDK" />
    <orderEntry type="sourceFolder" forTests="false" />
    <orderEntry type="module" module-name="MonitoramentoAiko.app.main" scope="TEST" />
    <orderEntry type="library" scope="TEST" name="Gradle: androidx.test.ext:junit:1.2.1@aar" level="project" />
    <orderEntry type="library" scope="TEST" name="Gradle: androidx.test.services:storage:1.5.0@aar" level="project" />
    <orderEntry type="library" scope="TEST" name="Gradle: androidx.test:monitor:1.7.1@aar" level="project" />
    <orderEntry type="library" scope="TEST" name="Gradle: androidx.tracing:tracing:1.0.0@aar" level="project" />
    <orderEntry type="library" scope="TEST" name="Gradle: androidx.test:core:1.6.1@aar" level="project" />
    <orderEntry type="library" scope="TEST" name="Gradle: androidx.test.espresso:espresso-core:3.6.1@aar" level="project" />
    <orderEntry type="library" scope="TEST" name="Gradle: androidx.test.espresso:espresso-idling-resource:3.6.1@aar" level="project" />
    <orderEntry type="library" scope="TEST" name="Gradle: androidx.test:runner:1.6.1@aar" level="project" />
    <orderEntry type="library" scope="TEST" name="Gradle: androidx.appcompat:appcompat:1.7.0@aar" level="project" />
    <orderEntry type="library" scope="TEST" name="Gradle: androidx.activity:activity:1.9.1@aar" level="project" />
    <orderEntry type="library" scope="TEST" name="Gradle: androidx.core:core:1.13.0@aar" level="project" />
    <orderEntry type="library" scope="TEST" name="Gradle: androidx.annotation:annotation-experimental:1.4.0@aar" level="project" />
    <orderEntry type="library" scope="TEST" name="Gradle: androidx.lifecycle:lifecycle-runtime:2.6.2@aar" level="project" />
    <orderEntry type="library" scope="TEST" name="Gradle: androidx.versionedparcelable:versionedparcelable:1.1.1@aar" level="project" />
    <orderEntry type="library" scope="TEST" name="Gradle: androidx.lifecycle:lifecycle-viewmodel:2.6.2@aar" level="project" />
    <orderEntry type="library" scope="TEST" name="Gradle: androidx.lifecycle:lifecycle-viewmodel-savedstate:2.6.2@aar" level="project" />
    <orderEntry type="library" scope="TEST" name="Gradle: androidx.core:core-ktx:1.2.0@aar" level="project" />
    <orderEntry type="library" scope="TEST" name="Gradle: androidx.lifecycle:lifecycle-livedata-core:2.6.2@aar" level="project" />
    <orderEntry type="library" scope="TEST" name="Gradle: androidx.savedstate:savedstate:1.2.1@aar" level="project" />
    <orderEntry type="library" scope="TEST" name="Gradle: androidx.appcompat:appcompat-resources:1.7.0@aar" level="project" />
    <orderEntry type="library" scope="TEST" name="Gradle: androidx.vectordrawable:vectordrawable:1.1.0@aar" level="project" />
    <orderEntry type="library" scope="TEST" name="Gradle: androidx.vectordrawable:vectordrawable-animated:1.1.0@aar" level="project" />
    <orderEntry type="library" scope="TEST" name="Gradle: androidx.interpolator:interpolator:1.0.0@aar" level="project" />
    <orderEntry type="library" scope="TEST" name="Gradle: androidx.cursoradapter:cursoradapter:1.0.0@aar" level="project" />
    <orderEntry type="library" scope="TEST" name="Gradle: androidx.drawerlayout:drawerlayout:1.1.1@aar" level="project" />
    <orderEntry type="library" scope="TEST" name="Gradle: androidx.customview:customview:1.1.0@aar" level="project" />
    <orderEntry type="library" scope="TEST" name="Gradle: androidx.fragment:fragment:1.5.4@aar" level="project" />
    <orderEntry type="library" scope="TEST" name="Gradle: androidx.loader:loader:1.0.0@aar" level="project" />
    <orderEntry type="library" scope="TEST" name="Gradle: androidx.lifecycle:lifecycle-livedata:2.6.2@aar" level="project" />
    <orderEntry type="library" scope="TEST" name="Gradle: androidx.arch.core:core-runtime:2.1.0@aar" level="project" />
    <orderEntry type="library" scope="TEST" name="Gradle: androidx.viewpager:viewpager:1.0.0@aar" level="project" />
    <orderEntry type="library" scope="TEST" name="Gradle: com.google.android.material:material:1.12.0@aar" level="project" />
    <orderEntry type="library" scope="TEST" name="Gradle: androidx.cardview:cardview:1.0.0@aar" level="project" />
    <orderEntry type="library" scope="TEST" name="Gradle: androidx.coordinatorlayout:coordinatorlayout:1.1.0@aar" level="project" />
    <orderEntry type="library" scope="TEST" name="Gradle: androidx.constraintlayout:constraintlayout:2.1.4@aar" level="project" />
    <orderEntry type="library" scope="TEST" name="Gradle: androidx.dynamicanimation:dynamicanimation:1.0.0@aar" level="project" />
    <orderEntry type="library" scope="TEST" name="Gradle: androidx.legacy:legacy-support-core-utils:1.0.0@aar" level="project" />
    <orderEntry type="library" scope="TEST" name="Gradle: androidx.documentfile:documentfile:1.0.0@aar" level="project" />
    <orderEntry type="library" scope="TEST" name="Gradle: androidx.localbroadcastmanager:localbroadcastmanager:1.0.0@aar" level="project" />
    <orderEntry type="library" scope="TEST" name="Gradle: androidx.print:print:1.0.0@aar" level="project" />
    <orderEntry type="library" scope="TEST" name="Gradle: androidx.recyclerview:recyclerview:1.1.0@aar" level="project" />
    <orderEntry type="library" scope="TEST" name="Gradle: androidx.transition:transition:1.5.0@aar" level="project" />
    <orderEntry type="library" scope="TEST" name="Gradle: androidx.viewpager2:viewpager2:1.0.0@aar" level="project" />
    <orderEntry type="library" scope="TEST" name="Gradle: com.google.android.gms:play-services-maps:19.0.0@aar" level="project" />
    <orderEntry type="library" scope="TEST" name="Gradle: com.google.android.gms:play-services-base:18.5.0@aar" level="project" />
    <orderEntry type="library" scope="TEST" name="Gradle: com.google.android.gms:play-services-basement:18.4.0@aar" level="project" />
    <orderEntry type="library" scope="TEST" name="Gradle: com.google.android.gms:play-services-tasks:18.2.0@aar" level="project" />
    <orderEntry type="library" scope="TEST" name="Gradle: com.google.android.libraries.maps:maps:3.1.0-beta@aar" level="project" />
    <orderEntry type="library" scope="TEST" name="Gradle: com.android.support:appcompat-v7:28.0.0@aar" level="project" />
    <orderEntry type="library" scope="TEST" name="Gradle: com.android.support:support-compat:28.0.0@aar" level="project" />
    <orderEntry type="library" scope="TEST" name="Gradle: android.arch.lifecycle:runtime:1.1.1@aar" level="project" />
    <orderEntry type="library" scope="TEST" name="Gradle: com.android.support:versionedparcelable:28.0.0@aar" level="project" />
    <orderEntry type="library" scope="TEST" name="Gradle: com.android.support:cursoradapter:28.0.0@aar" level="project" />
    <orderEntry type="library" scope="TEST" name="Gradle: com.android.support:support-core-utils:28.0.0@aar" level="project" />
    <orderEntry type="library" scope="TEST" name="Gradle: com.android.support:documentfile:28.0.0@aar" level="project" />
    <orderEntry type="library" scope="TEST" name="Gradle: com.android.support:loader:28.0.0@aar" level="project" />
    <orderEntry type="library" scope="TEST" name="Gradle: android.arch.lifecycle:livedata:1.1.1@aar" level="project" />
    <orderEntry type="library" scope="TEST" name="Gradle: android.arch.core:runtime:1.1.1@aar" level="project" />
    <orderEntry type="library" scope="TEST" name="Gradle: android.arch.lifecycle:livedata-core:1.1.1@aar" level="project" />
    <orderEntry type="library" scope="TEST" name="Gradle: android.arch.lifecycle:viewmodel:1.1.1@aar" level="project" />
    <orderEntry type="library" scope="TEST" name="Gradle: com.android.support:localbroadcastmanager:28.0.0@aar" level="project" />
    <orderEntry type="library" scope="TEST" name="Gradle: com.android.support:print:28.0.0@aar" level="project" />
    <orderEntry type="library" scope="TEST" name="Gradle: com.android.support:support-fragment:28.0.0@aar" level="project" />
    <orderEntry type="library" scope="TEST" name="Gradle: com.android.support:support-core-ui:28.0.0@aar" level="project" />
    <orderEntry type="library" scope="TEST" name="Gradle: com.android.support:customview:28.0.0@aar" level="project" />
    <orderEntry type="library" scope="TEST" name="Gradle: com.android.support:viewpager:28.0.0@aar" level="project" />
    <orderEntry type="library" scope="TEST" name="Gradle: com.android.support:coordinatorlayout:28.0.0@aar" level="project" />
    <orderEntry type="library" scope="TEST" name="Gradle: com.android.support:drawerlayout:28.0.0@aar" level="project" />
    <orderEntry type="library" scope="TEST" name="Gradle: com.android.support:slidingpanelayout:28.0.0@aar" level="project" />
    <orderEntry type="library" scope="TEST" name="Gradle: com.android.support:interpolator:28.0.0@aar" level="project" />
    <orderEntry type="library" scope="TEST" name="Gradle: com.android.support:swiperefreshlayout:28.0.0@aar" level="project" />
    <orderEntry type="library" scope="TEST" name="Gradle: com.android.support:asynclayoutinflater:28.0.0@aar" level="project" />
    <orderEntry type="library" scope="TEST" name="Gradle: com.android.support:support-vector-drawable:28.0.0@aar" level="project" />
    <orderEntry type="library" scope="TEST" name="Gradle: com.android.support:animated-vector-drawable:28.0.0@aar" level="project" />
    <orderEntry type="library" scope="TEST" name="Gradle: com.android.support:cardview-v7:28.0.0@aar" level="project" />
    <orderEntry type="library" scope="TEST" name="Gradle: com.android.support:recyclerview-v7:28.0.0@aar" level="project" />
    <orderEntry type="library" scope="TEST" name="Gradle: com.android.support:support-v4:28.0.0@aar" level="project" />
    <orderEntry type="library" scope="TEST" name="Gradle: com.android.support:support-media-compat:28.0.0@aar" level="project" />
    <orderEntry type="library" scope="TEST" name="Gradle: com.android.support:design:28.0.0@aar" level="project" />
    <orderEntry type="library" scope="TEST" name="Gradle: com.android.support:transition:28.0.0@aar" level="project" />
    <orderEntry type="library" scope="TEST" name="Gradle: com.google.android.gms:play-services-location:15.0.1@aar" level="project" />
    <orderEntry type="library" scope="TEST" name="Gradle: com.google.android.gms:play-services-places-placereport:15.0.1@aar" level="project" />
    <orderEntry type="library" scope="TEST" name="Gradle: androidx.annotation:annotation-jvm:1.6.0" level="project" />
    <orderEntry type="library" scope="TEST" name="Gradle: org.jetbrains.kotlin:kotlin-stdlib:1.8.22" level="project" />
    <orderEntry type="library" scope="TEST" name="Gradle: org.jetbrains.kotlin:kotlin-stdlib-common:1.8.22" level="project" />
    <orderEntry type="library" scope="TEST" name="Gradle: org.jetbrains:annotations:13.0" level="project" />
    <orderEntry type="library" scope="TEST" name="Gradle: androidx.concurrent:concurrent-futures-ktx:1.1.0" level="project" />
    <orderEntry type="library" scope="TEST" name="Gradle: androidx.concurrent:concurrent-futures:1.1.0" level="project" />
    <orderEntry type="library" scope="TEST" name="Gradle: com.google.guava:listenablefuture:1.0" level="project" />
    <orderEntry type="library" scope="TEST" name="Gradle: org.jetbrains.kotlinx:kotlinx-coroutines-core-jvm:1.6.4" level="project" />
    <orderEntry type="library" scope="TEST" name="Gradle: org.jetbrains.kotlin:kotlin-stdlib-jdk8:1.8.22" level="project" />
    <orderEntry type="library" scope="TEST" name="Gradle: org.jetbrains.kotlin:kotlin-stdlib-jdk7:1.8.22" level="project" />
    <orderEntry type="library" scope="TEST" name="Gradle: androidx.lifecycle:lifecycle-common:2.6.2" level="project" />
    <orderEntry type="library" scope="TEST" name="Gradle: org.jetbrains.kotlinx:kotlinx-coroutines-android:1.6.4" level="project" />
    <orderEntry type="library" scope="TEST" name="Gradle: junit:junit:4.13.2" level="project" />
    <orderEntry type="library" scope="TEST" name="Gradle: org.hamcrest:hamcrest-core:1.3" level="project" />
    <orderEntry type="library" scope="TEST" name="Gradle: com.google.code.findbugs:jsr305:3.0.2" level="project" />
    <orderEntry type="library" scope="TEST" name="Gradle: com.google.errorprone:error_prone_annotations:2.15.0" level="project" />
    <orderEntry type="library" scope="TEST" name="Gradle: javax.inject:javax.inject:1" level="project" />
    <orderEntry type="library" scope="TEST" name="Gradle: org.hamcrest:hamcrest-library:1.3" level="project" />
    <orderEntry type="library" scope="TEST" name="Gradle: androidx.arch.core:core-common:2.2.0" level="project" />
    <orderEntry type="library" scope="TEST" name="Gradle: androidx.collection:collection:1.1.0" level="project" />
    <orderEntry type="library" scope="TEST" name="Gradle: androidx.resourceinspection:resourceinspection-annotation:1.0.1" level="project" />
    <orderEntry type="library" scope="TEST" name="Gradle: com.android.support:support-annotations:28.0.0" level="project" />
    <orderEntry type="library" scope="TEST" name="Gradle: com.android.support:collections:28.0.0" level="project" />
    <orderEntry type="library" scope="TEST" name="Gradle: android.arch.lifecycle:common:1.1.1" level="project" />
    <orderEntry type="library" scope="TEST" name="Gradle: android.arch.core:common:1.1.1" level="project" />
    <orderEntry type="library" scope="TEST" name="Gradle: com.google.code.gson:gson:2.8.5" level="project" />
    <orderEntry type="library" scope="TEST" name="Gradle: com.google.dagger:dagger:2.17" level="project" />
  </component>
  <component name="TestModuleProperties" production-module="MonitoramentoAiko.app.main" />
</module>