<module>
  <component name="DeprecatedModuleOptionManager">
    <option key="type" value="JAVA_MODULE" />
  </component>
  <component name="ExternalFacetManager">
    <facet __external-system-id="GRADLE" type="android-gradle" name="Android-Gradle">
      <configuration>
        <option name="LAST_SUCCESSFUL_SYNC_AGP_VERSION" value="8.5.1" />
        <option name="LAST_KNOWN_AGP_VERSION" value="8.5.1" />
      </configuration>
    </facet>
    <facet __external-system-id="GRADLE" type="android" name="Android">
      <configuration>
        <option name="SELECTED_BUILD_VARIANT" value="debug" />
        <option name="ALLOW_USER_CONFIGURATION" value="false" />
        <option name="MANIFEST_FILE_RELATIVE_PATH" value="/src/main/AndroidManifest.xml" />
        <option name="RES_FOLDER_RELATIVE_PATH" value="/src/main/res" />
        <option name="RES_FOLDERS_RELATIVE_PATH" value="" />
        <option name="TEST_RES_FOLDERS_RELATIVE_PATH" value="" />
        <option name="ASSETS_FOLDER_RELATIVE_PATH" value="/src/main/assets" />
      </configuration>
    </facet>
  </component>
  <component name="ExternalSystem" externalSystem="GRADLE" externalSystemModuleGroup="MonitoramentoAiko" externalSystemModuleVersion="unspecified" linkedProjectId=":app" linkedProjectPath="$MODULE_DIR$/../../../app" rootProjectPath="$MODULE_DIR$/../../.." />
  <component name="NewModuleRootManager" LANGUAGE_LEVEL="JDK_1_8">
    <exclude-output />
    <content url="file://$MODULE_DIR$/../../../app">
      <excludeFolder url="file://$MODULE_DIR$/../../../app/.gradle" />
      <excludeFolder url="file://$MODULE_DIR$/../../../app/build" />
    </content>
    <orderEntry type="jdk" jdkName="Android API 34, extension level 7 Platform" jdkType="Android SDK" />
    <orderEntry type="sourceFolder" forTests="false" />
  </component>
</module>