<module>
  <component name="DeprecatedModuleOptionManager">
    <option key="type" value="JAVA_MODULE" />
  </component>
  <component name="ExternalSystem" externalSystem="GRADLE" externalSystemModuleGroup="" externalSystemModuleVersion="unspecified" linkedProjectId="MonitoramentoAiko" linkedProjectPath="$MODULE_DIR$/../.." rootProjectPath="$MODULE_DIR$/../.." />
  <component name="NewModuleRootManager" inherit-compiler-output="true">
    <exclude-output />
    <content url="file://$MODULE_DIR$/../..">
      <excludeFolder url="file://$MODULE_DIR$/../../.gradle" />
      <excludeFolder url="file://$MODULE_DIR$/../../build" />
    </content>
    <orderEntry type="inheritedJdk" />
    <orderEntry type="sourceFolder" forTests="false" />
  </component>
</module>