<?xml version="1.0" encoding="UTF-8"?>
<root>
  <item name="com.google.android.material.sidesheet.RightSheetDelegate int calculateTargetStateOnViewReleased(android.view.View, float, float)">
    <annotation name="androidx.annotation.IntDef">
      <val name="value" val="{com.google.android.material.sidesheet.Sheet.STATE_EXPANDED, com.google.android.material.sidesheet.Sheet.STATE_HIDDEN}" />
    </annotation>
  </item>
  <item name="com.google.android.material.sidesheet.RightSheetDelegate int getSheetEdge()">
    <annotation name="androidx.annotation.IntDef">
      <val name="value" val="{com.google.android.material.sidesheet.Sheet.EDGE_RIGHT}" />
    </annotation>
  </item>
  <item name="com.google.android.material.sidesheet.Sheet int getState()">
    <annotation name="androidx.annotation.IntDef">
      <val name="value" val="{com.google.android.material.sidesheet.Sheet.STATE_EXPANDED, com.google.android.material.sidesheet.Sheet.STATE_DRAGGING, com.google.android.material.sidesheet.Sheet.STATE_SETTLING, com.google.android.material.sidesheet.Sheet.STATE_HIDDEN}" />
    </annotation>
  </item>
  <item name="com.google.android.material.sidesheet.Sheet void setState(int) 0">
    <annotation name="androidx.annotation.IntDef">
      <val name="value" val="{com.google.android.material.sidesheet.Sheet.STATE_EXPANDED, com.google.android.material.sidesheet.Sheet.STATE_HIDDEN}" />
    </annotation>
  </item>
  <item name="com.google.android.material.sidesheet.Sheet.SheetEdge">
    <annotation name="androidx.annotation.IntDef">
      <val name="value" val="{com.google.android.material.sidesheet.Sheet.EDGE_RIGHT}" />
    </annotation>
  </item>
  <item name="com.google.android.material.sidesheet.Sheet.SheetState">
    <annotation name="androidx.annotation.IntDef">
      <val name="value" val="{com.google.android.material.sidesheet.Sheet.STATE_EXPANDED, com.google.android.material.sidesheet.Sheet.STATE_DRAGGING, com.google.android.material.sidesheet.Sheet.STATE_SETTLING, com.google.android.material.sidesheet.Sheet.STATE_HIDDEN}" />
    </annotation>
  </item>
  <item name="com.google.android.material.sidesheet.Sheet.StableSheetState">
    <annotation name="androidx.annotation.IntDef">
      <val name="value" val="{com.google.android.material.sidesheet.Sheet.STATE_EXPANDED, com.google.android.material.sidesheet.Sheet.STATE_HIDDEN}" />
    </annotation>
  </item>
  <item name="com.google.android.material.sidesheet.SheetCallback void onStateChanged(android.view.View, int) 1">
    <annotation name="androidx.annotation.IntDef">
      <val name="value" val="{com.google.android.material.sidesheet.Sheet.STATE_EXPANDED, com.google.android.material.sidesheet.Sheet.STATE_DRAGGING, com.google.android.material.sidesheet.Sheet.STATE_SETTLING, com.google.android.material.sidesheet.Sheet.STATE_HIDDEN}" />
    </annotation>
  </item>
  <item name="com.google.android.material.sidesheet.SheetDelegate int calculateTargetStateOnViewReleased(android.view.View, float, float)">
    <annotation name="androidx.annotation.IntDef">
      <val name="value" val="{com.google.android.material.sidesheet.Sheet.STATE_EXPANDED, com.google.android.material.sidesheet.Sheet.STATE_HIDDEN}" />
    </annotation>
  </item>
  <item name="com.google.android.material.sidesheet.SheetDelegate int getSheetEdge()">
    <annotation name="androidx.annotation.IntDef">
      <val name="value" val="{com.google.android.material.sidesheet.Sheet.EDGE_RIGHT}" />
    </annotation>
  </item>
  <item name="com.google.android.material.sidesheet.SheetDialog int getStateOnStart()">
    <annotation name="androidx.annotation.IntDef">
      <val name="value" val="{com.google.android.material.sidesheet.Sheet.STATE_EXPANDED, com.google.android.material.sidesheet.Sheet.STATE_HIDDEN}" />
    </annotation>
  </item>
  <item name="com.google.android.material.sidesheet.SideSheetBehavior androidx.core.view.accessibility.AccessibilityViewCommand createAccessibilityViewCommandForState(int) 0">
    <annotation name="androidx.annotation.IntDef">
      <val name="value" val="{com.google.android.material.sidesheet.Sheet.STATE_EXPANDED, com.google.android.material.sidesheet.Sheet.STATE_DRAGGING, com.google.android.material.sidesheet.Sheet.STATE_SETTLING, com.google.android.material.sidesheet.Sheet.STATE_HIDDEN}" />
    </annotation>
  </item>
  <item name="com.google.android.material.sidesheet.SideSheetBehavior int getDefaultSheetEdge()">
    <annotation name="androidx.annotation.IntDef">
      <val name="value" val="{com.google.android.material.sidesheet.Sheet.EDGE_RIGHT}" />
    </annotation>
  </item>
  <item name="com.google.android.material.sidesheet.SideSheetBehavior int getLastStableState()">
    <annotation name="androidx.annotation.IntDef">
      <val name="value" val="{com.google.android.material.sidesheet.Sheet.STATE_EXPANDED, com.google.android.material.sidesheet.Sheet.STATE_DRAGGING, com.google.android.material.sidesheet.Sheet.STATE_SETTLING, com.google.android.material.sidesheet.Sheet.STATE_HIDDEN}" />
    </annotation>
  </item>
  <item name="com.google.android.material.sidesheet.SideSheetBehavior int getOuterEdgeOffsetForState(int) 0">
    <annotation name="androidx.annotation.IntDef">
      <val name="value" val="{com.google.android.material.sidesheet.Sheet.STATE_EXPANDED, com.google.android.material.sidesheet.Sheet.STATE_HIDDEN}" />
    </annotation>
  </item>
  <item name="com.google.android.material.sidesheet.SideSheetBehavior int getState()">
    <annotation name="androidx.annotation.IntDef">
      <val name="value" val="{com.google.android.material.sidesheet.Sheet.STATE_EXPANDED, com.google.android.material.sidesheet.Sheet.STATE_DRAGGING, com.google.android.material.sidesheet.Sheet.STATE_SETTLING, com.google.android.material.sidesheet.Sheet.STATE_HIDDEN}" />
    </annotation>
  </item>
  <item name="com.google.android.material.sidesheet.SideSheetBehavior lastStableState">
    <annotation name="androidx.annotation.IntDef">
      <val name="value" val="{com.google.android.material.sidesheet.Sheet.STATE_EXPANDED, com.google.android.material.sidesheet.Sheet.STATE_HIDDEN}" />
    </annotation>
  </item>
  <item name="com.google.android.material.sidesheet.SideSheetBehavior state">
    <annotation name="androidx.annotation.IntDef">
      <val name="value" val="{com.google.android.material.sidesheet.Sheet.STATE_EXPANDED, com.google.android.material.sidesheet.Sheet.STATE_DRAGGING, com.google.android.material.sidesheet.Sheet.STATE_SETTLING, com.google.android.material.sidesheet.Sheet.STATE_HIDDEN}" />
    </annotation>
  </item>
  <item name="com.google.android.material.sidesheet.SideSheetBehavior void replaceAccessibilityActionForState(V, androidx.core.view.accessibility.AccessibilityNodeInfoCompat.AccessibilityActionCompat, int) 2">
    <annotation name="androidx.annotation.IntDef">
      <val name="value" val="{com.google.android.material.sidesheet.Sheet.STATE_EXPANDED, com.google.android.material.sidesheet.Sheet.STATE_DRAGGING, com.google.android.material.sidesheet.Sheet.STATE_SETTLING, com.google.android.material.sidesheet.Sheet.STATE_HIDDEN}" />
    </annotation>
  </item>
  <item name="com.google.android.material.sidesheet.SideSheetBehavior void setSheetEdge(int) 0">
    <annotation name="androidx.annotation.IntDef">
      <val name="value" val="{com.google.android.material.sidesheet.Sheet.EDGE_RIGHT}" />
    </annotation>
  </item>
  <item name="com.google.android.material.sidesheet.SideSheetBehavior void setState(int) 0">
    <annotation name="androidx.annotation.IntDef">
      <val name="value" val="{com.google.android.material.sidesheet.Sheet.STATE_EXPANDED, com.google.android.material.sidesheet.Sheet.STATE_HIDDEN}" />
    </annotation>
  </item>
  <item name="com.google.android.material.sidesheet.SideSheetBehavior void setStateInternal(int) 0">
    <annotation name="androidx.annotation.IntDef">
      <val name="value" val="{com.google.android.material.sidesheet.Sheet.STATE_EXPANDED, com.google.android.material.sidesheet.Sheet.STATE_DRAGGING, com.google.android.material.sidesheet.Sheet.STATE_SETTLING, com.google.android.material.sidesheet.Sheet.STATE_HIDDEN}" />
    </annotation>
  </item>
  <item name="com.google.android.material.sidesheet.SideSheetBehavior void startSettling(android.view.View, int, boolean) 1">
    <annotation name="androidx.annotation.IntDef">
      <val name="value" val="{com.google.android.material.sidesheet.Sheet.STATE_EXPANDED, com.google.android.material.sidesheet.Sheet.STATE_HIDDEN}" />
    </annotation>
  </item>
  <item name="com.google.android.material.sidesheet.SideSheetBehavior.SavedState state">
    <annotation name="androidx.annotation.IntDef">
      <val name="value" val="{com.google.android.material.sidesheet.Sheet.STATE_EXPANDED, com.google.android.material.sidesheet.Sheet.STATE_DRAGGING, com.google.android.material.sidesheet.Sheet.STATE_SETTLING, com.google.android.material.sidesheet.Sheet.STATE_HIDDEN}" />
    </annotation>
  </item>
  <item name="com.google.android.material.sidesheet.SideSheetBehavior.StateSettlingTracker targetState">
    <annotation name="androidx.annotation.IntDef">
      <val name="value" val="{com.google.android.material.sidesheet.Sheet.STATE_EXPANDED, com.google.android.material.sidesheet.Sheet.STATE_HIDDEN}" />
    </annotation>
  </item>
  <item name="com.google.android.material.sidesheet.SideSheetBehavior.StateSettlingTracker void continueSettlingToState(int) 0">
    <annotation name="androidx.annotation.IntDef">
      <val name="value" val="{com.google.android.material.sidesheet.Sheet.STATE_EXPANDED, com.google.android.material.sidesheet.Sheet.STATE_HIDDEN}" />
    </annotation>
  </item>
  <item name="com.google.android.material.sidesheet.SideSheetCallback void onStateChanged(android.view.View, int) 1">
    <annotation name="androidx.annotation.IntDef">
      <val name="value" val="{com.google.android.material.sidesheet.Sheet.STATE_EXPANDED, com.google.android.material.sidesheet.Sheet.STATE_DRAGGING, com.google.android.material.sidesheet.Sheet.STATE_SETTLING, com.google.android.material.sidesheet.Sheet.STATE_HIDDEN}" />
    </annotation>
  </item>
  <item name="com.google.android.material.sidesheet.SideSheetDialog int getStateOnStart()">
    <annotation name="androidx.annotation.IntDef">
      <val name="value" val="{com.google.android.material.sidesheet.Sheet.STATE_EXPANDED, com.google.android.material.sidesheet.Sheet.STATE_HIDDEN}" />
    </annotation>
  </item>
</root>

