<component name="libraryTable">
  <library name="Gradle: android.arch.core:common:1.1.1" type="java-imported" __external-system-id="GRADLE">
    <properties groupId="android.arch.core" artifactId="common" version="1.1.1" />
    <CLASSES>
      <root url="jar://$USER_HOME$/.gradle/caches/modules-2/files-2.1/android.arch.core/common/1.1.1/e55b70d1f5620db124b3e85a7f4bdc7bd48d9f95/common-1.1.1.jar!/" />
    </CLASSES>
    <JAVADOC />
    <SOURCES>
      <root url="jar://$USER_HOME$/.gradle/caches/modules-2/files-2.1/android.arch.core/common/1.1.1/ae9b923fc99c1fc5a7a9b6cedc6df8b2b8529c54/common-1.1.1-sources.jar!/" />
    </SOURCES>
  </library>
  <library name="Gradle: android.arch.core:runtime:1.1.1@aar" __external-system-id="GRADLE">
    <CLASSES>
      <root url="jar://$USER_HOME$/.gradle/caches/transforms-4/ebbbc0f4d049b2fd2fed7967d81ad3fd/transformed/runtime-1.1.1/jars/classes.jar!/" />
      <root url="file://$USER_HOME$/.gradle/caches/transforms-4/ebbbc0f4d049b2fd2fed7967d81ad3fd/transformed/runtime-1.1.1/AndroidManifest.xml" />
    </CLASSES>
    <JAVADOC />
    <SOURCES>
      <root url="jar://$USER_HOME$/.gradle/caches/modules-2/files-2.1/android.arch.core/runtime/1.1.1/25df553df10af32bede9dd768a2d15299543d84/runtime-1.1.1-sources.jar!/" />
    </SOURCES>
  </library>
  <library name="Gradle: android.arch.lifecycle:common:1.1.1" type="java-imported" __external-system-id="GRADLE">
    <properties groupId="android.arch.lifecycle" artifactId="common" version="1.1.1" />
    <CLASSES>
      <root url="jar://$USER_HOME$/.gradle/caches/modules-2/files-2.1/android.arch.lifecycle/common/1.1.1/207a6efae6a3555e326de41f76bdadd9a239cbce/common-1.1.1.jar!/" />
    </CLASSES>
    <JAVADOC />
    <SOURCES>
      <root url="jar://$USER_HOME$/.gradle/caches/modules-2/files-2.1/android.arch.lifecycle/common/1.1.1/bcdaa509a856d1430e736b102f899aa9870a8f83/common-1.1.1-sources.jar!/" />
    </SOURCES>
  </library>
  <library name="Gradle: android.arch.lifecycle:livedata-core:1.1.1@aar" __external-system-id="GRADLE">
    <CLASSES>
      <root url="jar://$USER_HOME$/.gradle/caches/transforms-4/929f347929dd8c6cb6099ab02633bed3/transformed/livedata-core-1.1.1/jars/classes.jar!/" />
      <root url="file://$USER_HOME$/.gradle/caches/transforms-4/929f347929dd8c6cb6099ab02633bed3/transformed/livedata-core-1.1.1/AndroidManifest.xml" />
    </CLASSES>
    <JAVADOC />
    <SOURCES>
      <root url="jar://$USER_HOME$/.gradle/caches/modules-2/files-2.1/android.arch.lifecycle/livedata-core/1.1.1/c38818e006ea7a408c05e3090364332d46494ef/livedata-core-1.1.1-sources.jar!/" />
    </SOURCES>
  </library>
  <library name="Gradle: android.arch.lifecycle:livedata:1.1.1@aar" __external-system-id="GRADLE">
    <CLASSES>
      <root url="jar://$USER_HOME$/.gradle/caches/transforms-4/05181e4cb5b37276218edfbb49eded56/transformed/livedata-1.1.1/jars/classes.jar!/" />
      <root url="file://$USER_HOME$/.gradle/caches/transforms-4/05181e4cb5b37276218edfbb49eded56/transformed/livedata-1.1.1/AndroidManifest.xml" />
    </CLASSES>
    <JAVADOC />
    <SOURCES>
      <root url="jar://$USER_HOME$/.gradle/caches/modules-2/files-2.1/android.arch.lifecycle/livedata/1.1.1/bf27acaa4953c98cd519756ed7b7caacf94407d4/livedata-1.1.1-sources.jar!/" />
    </SOURCES>
  </library>
  <library name="Gradle: android.arch.lifecycle:runtime:1.1.1@aar" __external-system-id="GRADLE">
    <CLASSES>
      <root url="jar://$USER_HOME$/.gradle/caches/transforms-4/b6bec2bc5569c57d179a0a79e03dd03b/transformed/runtime-1.1.1/jars/classes.jar!/" />
      <root url="file://$USER_HOME$/.gradle/caches/transforms-4/b6bec2bc5569c57d179a0a79e03dd03b/transformed/runtime-1.1.1/AndroidManifest.xml" />
    </CLASSES>
    <JAVADOC />
    <SOURCES>
      <root url="jar://$USER_HOME$/.gradle/caches/modules-2/files-2.1/android.arch.lifecycle/runtime/1.1.1/8e4214221b3797b863dc9998d16abb4af043e784/runtime-1.1.1-sources.jar!/" />
    </SOURCES>
  </library>
  <library name="Gradle: android.arch.lifecycle:viewmodel:1.1.1@aar" __external-system-id="GRADLE">
    <CLASSES>
      <root url="jar://$USER_HOME$/.gradle/caches/transforms-4/17c8c11f4eeedd64076184710a259819/transformed/viewmodel-1.1.1/jars/classes.jar!/" />
      <root url="file://$USER_HOME$/.gradle/caches/transforms-4/17c8c11f4eeedd64076184710a259819/transformed/viewmodel-1.1.1/AndroidManifest.xml" />
    </CLASSES>
    <JAVADOC />
    <SOURCES>
      <root url="jar://$USER_HOME$/.gradle/caches/modules-2/files-2.1/android.arch.lifecycle/viewmodel/1.1.1/d1cc8e805317f171be63c68341f499acda7e42d6/viewmodel-1.1.1-sources.jar!/" />
    </SOURCES>
  </library>
  <library name="Gradle: androidx.activity:activity:1.9.1@aar" __external-system-id="GRADLE">
    <CLASSES>
      <root url="file://$USER_HOME$/.gradle/caches/transforms-4/1620df5739e07eb38d267d09373fa3b8/transformed/activity-1.9.1/AndroidManifest.xml" />
      <root url="jar://$USER_HOME$/.gradle/caches/transforms-4/1620df5739e07eb38d267d09373fa3b8/transformed/activity-1.9.1/jars/classes.jar!/" />
      <root url="file://$USER_HOME$/.gradle/caches/transforms-4/1620df5739e07eb38d267d09373fa3b8/transformed/activity-1.9.1/res" />
    </CLASSES>
    <JAVADOC />
    <SOURCES>
      <root url="jar://$USER_HOME$/.gradle/caches/modules-2/files-2.1/androidx.activity/activity/1.9.1/f03633494401aa419966552d45ed3efb0bbd99e8/activity-1.9.1-sources.jar!/" />
    </SOURCES>
  </library>
  <library name="Gradle: androidx.annotation:annotation-experimental:1.4.0@aar" __external-system-id="GRADLE">
    <CLASSES>
      <root url="file://$USER_HOME$/.gradle/caches/transforms-4/17a231bb61cf71067f7e29a3eedc8256/transformed/annotation-experimental-1.4.0/AndroidManifest.xml" />
      <root url="jar://$USER_HOME$/.gradle/caches/transforms-4/17a231bb61cf71067f7e29a3eedc8256/transformed/annotation-experimental-1.4.0/jars/classes.jar!/" />
      <root url="file://$USER_HOME$/.gradle/caches/transforms-4/17a231bb61cf71067f7e29a3eedc8256/transformed/annotation-experimental-1.4.0/res" />
    </CLASSES>
    <JAVADOC />
    <SOURCES>
      <root url="jar://$USER_HOME$/.gradle/caches/modules-2/files-2.1/androidx.annotation/annotation-experimental/1.4.0/4dc003cb3c5ff16a1c3d09f3d1f7ae7b2d14a9c4/annotation-experimental-1.4.0-sources.jar!/" />
    </SOURCES>
  </library>
  <library name="Gradle: androidx.annotation:annotation-jvm:1.6.0" type="java-imported" __external-system-id="GRADLE">
    <properties groupId="androidx.annotation" artifactId="annotation-jvm" version="1.6.0" />
    <CLASSES>
      <root url="jar://$USER_HOME$/.gradle/caches/modules-2/files-2.1/androidx.annotation/annotation-jvm/1.6.0/a7257339a052df0f91433cf9651231bbb802b502/annotation-jvm-1.6.0.jar!/" />
    </CLASSES>
    <JAVADOC />
    <SOURCES>
      <root url="jar://$USER_HOME$/.gradle/caches/modules-2/files-2.1/androidx.annotation/annotation-jvm/1.6.0/407ff5ab230288b9cdabf7223058592370882f1f/annotation-jvm-1.6.0-sources.jar!/" />
    </SOURCES>
  </library>
  <library name="Gradle: androidx.appcompat:appcompat-resources:1.7.0@aar" __external-system-id="GRADLE">
    <CLASSES>
      <root url="jar://$USER_HOME$/.gradle/caches/transforms-4/1eae653b0ef67890c9ccbde307f9eab7/transformed/appcompat-resources-1.7.0/jars/classes.jar!/" />
      <root url="file://$USER_HOME$/.gradle/caches/transforms-4/1eae653b0ef67890c9ccbde307f9eab7/transformed/appcompat-resources-1.7.0/res" />
      <root url="file://$USER_HOME$/.gradle/caches/transforms-4/1eae653b0ef67890c9ccbde307f9eab7/transformed/appcompat-resources-1.7.0/AndroidManifest.xml" />
    </CLASSES>
    <JAVADOC />
    <SOURCES>
      <root url="jar://$USER_HOME$/.gradle/caches/modules-2/files-2.1/androidx.appcompat/appcompat-resources/1.7.0/cb084bf039d2b49e02cb58e0da0044fed264a4fb/appcompat-resources-1.7.0-sources.jar!/" />
    </SOURCES>
  </library>
  <library name="Gradle: androidx.appcompat:appcompat:1.7.0@aar" __external-system-id="GRADLE">
    <ANNOTATIONS>
      <root url="jar://$USER_HOME$/.gradle/caches/transforms-4/d5c7d6a7b24927b7eacf91e1e2bf491a/transformed/appcompat-1.7.0/annotations.zip!/" />
    </ANNOTATIONS>
    <CLASSES>
      <root url="jar://$USER_HOME$/.gradle/caches/transforms-4/d5c7d6a7b24927b7eacf91e1e2bf491a/transformed/appcompat-1.7.0/jars/classes.jar!/" />
      <root url="file://$USER_HOME$/.gradle/caches/transforms-4/d5c7d6a7b24927b7eacf91e1e2bf491a/transformed/appcompat-1.7.0/res" />
      <root url="file://$USER_HOME$/.gradle/caches/transforms-4/d5c7d6a7b24927b7eacf91e1e2bf491a/transformed/appcompat-1.7.0/AndroidManifest.xml" />
    </CLASSES>
    <JAVADOC />
    <SOURCES>
      <root url="jar://$USER_HOME$/.gradle/caches/modules-2/files-2.1/androidx.appcompat/appcompat/1.7.0/c66c25a939bfe4b18249922dc4e7a19caca8bf68/appcompat-1.7.0-sources.jar!/" />
    </SOURCES>
  </library>
  <library name="Gradle: androidx.arch.core:core-common:2.2.0" type="java-imported" __external-system-id="GRADLE">
    <properties groupId="androidx.arch.core" artifactId="core-common" version="2.2.0" />
    <CLASSES>
      <root url="jar://$USER_HOME$/.gradle/caches/modules-2/files-2.1/androidx.arch.core/core-common/2.2.0/5e1b8b81dfd5f52c56a8d53b18ca759c19a301f3/core-common-2.2.0.jar!/" />
    </CLASSES>
    <JAVADOC />
    <SOURCES>
      <root url="jar://$USER_HOME$/.gradle/caches/modules-2/files-2.1/androidx.arch.core/core-common/2.2.0/f3ac1460fc6844d5441595a34591af7fc04fd2e5/core-common-2.2.0-sources.jar!/" />
    </SOURCES>
  </library>
  <library name="Gradle: androidx.arch.core:core-runtime:2.1.0@aar" __external-system-id="GRADLE">
    <CLASSES>
      <root url="file://$USER_HOME$/.gradle/caches/transforms-4/333521305d0209d2294da0292e7eac9e/transformed/core-runtime-2.1.0/AndroidManifest.xml" />
      <root url="jar://$USER_HOME$/.gradle/caches/transforms-4/333521305d0209d2294da0292e7eac9e/transformed/core-runtime-2.1.0/jars/classes.jar!/" />
    </CLASSES>
    <JAVADOC />
    <SOURCES>
      <root url="jar://$USER_HOME$/.gradle/caches/modules-2/files-2.1/androidx.arch.core/core-runtime/2.1.0/f19886651c9946b39f83d8c184fd0e2ce9f43c16/core-runtime-2.1.0-sources.jar!/" />
    </SOURCES>
  </library>
  <library name="Gradle: androidx.arch.core:core-runtime:2.2.0@aar" __external-system-id="GRADLE">
    <CLASSES>
      <root url="jar://$USER_HOME$/.gradle/caches/transforms-4/74bc5e3fc6266017b39ac9f0748ed053/transformed/core-runtime-2.2.0/jars/classes.jar!/" />
      <root url="file://$USER_HOME$/.gradle/caches/transforms-4/74bc5e3fc6266017b39ac9f0748ed053/transformed/core-runtime-2.2.0/res" />
      <root url="file://$USER_HOME$/.gradle/caches/transforms-4/74bc5e3fc6266017b39ac9f0748ed053/transformed/core-runtime-2.2.0/AndroidManifest.xml" />
    </CLASSES>
    <JAVADOC />
    <SOURCES>
      <root url="jar://$USER_HOME$/.gradle/caches/modules-2/files-2.1/androidx.arch.core/core-runtime/2.2.0/48630ad88f438e5a603ae74cf4858203d1a595c5/core-runtime-2.2.0-sources.jar!/" />
    </SOURCES>
  </library>
  <library name="Gradle: androidx.cardview:cardview:1.0.0@aar" __external-system-id="GRADLE">
    <CLASSES>
      <root url="file://$USER_HOME$/.gradle/caches/transforms-4/5b2fbc8ce19baa09d6fa1569d298b3e2/transformed/cardview-1.0.0/res" />
      <root url="file://$USER_HOME$/.gradle/caches/transforms-4/5b2fbc8ce19baa09d6fa1569d298b3e2/transformed/cardview-1.0.0/AndroidManifest.xml" />
      <root url="jar://$USER_HOME$/.gradle/caches/transforms-4/5b2fbc8ce19baa09d6fa1569d298b3e2/transformed/cardview-1.0.0/jars/classes.jar!/" />
    </CLASSES>
    <JAVADOC />
    <SOURCES>
      <root url="jar://$USER_HOME$/.gradle/caches/modules-2/files-2.1/androidx.cardview/cardview/1.0.0/c9f3ce7ca74ad2c978230f4094ba6804c5166f9c/cardview-1.0.0-sources.jar!/" />
    </SOURCES>
  </library>
  <library name="Gradle: androidx.collection:collection:1.1.0" type="java-imported" __external-system-id="GRADLE">
    <properties groupId="androidx.collection" artifactId="collection" version="1.1.0" />
    <CLASSES>
      <root url="jar://$USER_HOME$/.gradle/caches/modules-2/files-2.1/androidx.collection/collection/1.1.0/1f27220b47669781457de0d600849a5de0e89909/collection-1.1.0.jar!/" />
    </CLASSES>
    <JAVADOC />
    <SOURCES>
      <root url="jar://$USER_HOME$/.gradle/caches/modules-2/files-2.1/androidx.collection/collection/1.1.0/bae67b0019fbb38498198fcc2d0282a340b71c5b/collection-1.1.0-sources.jar!/" />
    </SOURCES>
  </library>
  <library name="Gradle: androidx.concurrent:concurrent-futures-ktx:1.1.0" type="java-imported" __external-system-id="GRADLE">
    <properties groupId="androidx.concurrent" artifactId="concurrent-futures-ktx" version="1.1.0" />
    <CLASSES>
      <root url="jar://$USER_HOME$/.gradle/caches/modules-2/files-2.1/androidx.concurrent/concurrent-futures-ktx/1.1.0/b4c245baf36d1a9e7defaf3be84f7a2ad4e1c797/concurrent-futures-ktx-1.1.0.jar!/" />
    </CLASSES>
    <JAVADOC />
    <SOURCES>
      <root url="jar://$USER_HOME$/.gradle/caches/modules-2/files-2.1/androidx.concurrent/concurrent-futures-ktx/1.1.0/ef04086fb17756bde36beb2a723e9be2016a73a4/concurrent-futures-ktx-1.1.0-sources.jar!/" />
    </SOURCES>
  </library>
  <library name="Gradle: androidx.concurrent:concurrent-futures:1.1.0" type="java-imported" __external-system-id="GRADLE">
    <properties groupId="androidx.concurrent" artifactId="concurrent-futures" version="1.1.0" />
    <CLASSES>
      <root url="jar://$USER_HOME$/.gradle/caches/modules-2/files-2.1/androidx.concurrent/concurrent-futures/1.1.0/50b7fb98350d5f42a4e49704b03278542293ba48/concurrent-futures-1.1.0.jar!/" />
    </CLASSES>
    <JAVADOC />
    <SOURCES>
      <root url="jar://$USER_HOME$/.gradle/caches/modules-2/files-2.1/androidx.concurrent/concurrent-futures/1.1.0/a27842adf6c42f3d80893bd46e1de4ac024218e7/concurrent-futures-1.1.0-sources.jar!/" />
    </SOURCES>
  </library>
  <library name="Gradle: androidx.constraintlayout:constraintlayout:2.1.4@aar" __external-system-id="GRADLE">
    <CLASSES>
      <root url="jar://$USER_HOME$/.gradle/caches/transforms-4/743d903bb20f7dd7712c9710d8ed191a/transformed/constraintlayout-2.1.4/jars/classes.jar!/" />
      <root url="file://$USER_HOME$/.gradle/caches/transforms-4/743d903bb20f7dd7712c9710d8ed191a/transformed/constraintlayout-2.1.4/res" />
      <root url="file://$USER_HOME$/.gradle/caches/transforms-4/743d903bb20f7dd7712c9710d8ed191a/transformed/constraintlayout-2.1.4/AndroidManifest.xml" />
    </CLASSES>
    <JAVADOC />
    <SOURCES>
      <root url="jar://$USER_HOME$/.gradle/caches/modules-2/files-2.1/androidx.constraintlayout/constraintlayout/2.1.4/27e12209e529970f69bc817f349c247ef238fae7/constraintlayout-2.1.4-sources.jar!/" />
    </SOURCES>
  </library>
  <library name="Gradle: androidx.coordinatorlayout:coordinatorlayout:1.1.0@aar" __external-system-id="GRADLE">
    <ANNOTATIONS>
      <root url="jar://$USER_HOME$/.gradle/caches/transforms-4/f7e0e7195d90494dd6f9f6668be1789b/transformed/coordinatorlayout-1.1.0/annotations.zip!/" />
    </ANNOTATIONS>
    <CLASSES>
      <root url="file://$USER_HOME$/.gradle/caches/transforms-4/f7e0e7195d90494dd6f9f6668be1789b/transformed/coordinatorlayout-1.1.0/AndroidManifest.xml" />
      <root url="file://$USER_HOME$/.gradle/caches/transforms-4/f7e0e7195d90494dd6f9f6668be1789b/transformed/coordinatorlayout-1.1.0/res" />
      <root url="jar://$USER_HOME$/.gradle/caches/transforms-4/f7e0e7195d90494dd6f9f6668be1789b/transformed/coordinatorlayout-1.1.0/jars/classes.jar!/" />
    </CLASSES>
    <JAVADOC />
    <SOURCES>
      <root url="jar://$USER_HOME$/.gradle/caches/modules-2/files-2.1/androidx.coordinatorlayout/coordinatorlayout/1.1.0/a15529ac349d76a872ae5ef42b84c320c456cd7f/coordinatorlayout-1.1.0-sources.jar!/" />
    </SOURCES>
  </library>
  <library name="Gradle: androidx.core:core-ktx:1.13.0@aar" __external-system-id="GRADLE">
    <CLASSES>
      <root url="jar://$USER_HOME$/.gradle/caches/transforms-4/0c2fce5aede006ffe1e6bb7e00a187ea/transformed/core-ktx-1.13.0/jars/classes.jar!/" />
      <root url="file://$USER_HOME$/.gradle/caches/transforms-4/0c2fce5aede006ffe1e6bb7e00a187ea/transformed/core-ktx-1.13.0/res" />
      <root url="file://$USER_HOME$/.gradle/caches/transforms-4/0c2fce5aede006ffe1e6bb7e00a187ea/transformed/core-ktx-1.13.0/AndroidManifest.xml" />
    </CLASSES>
    <JAVADOC />
    <SOURCES>
      <root url="jar://$USER_HOME$/.gradle/caches/modules-2/files-2.1/androidx.core/core-ktx/1.13.0/2ebeecb97d5b1557fc7b3e3758447b8176e322e8/core-ktx-1.13.0-sources.jar!/" />
    </SOURCES>
  </library>
  <library name="Gradle: androidx.core:core-ktx:1.2.0@aar" __external-system-id="GRADLE">
    <CLASSES>
      <root url="jar://$USER_HOME$/.gradle/caches/transforms-4/d010749eb269634790ab9c0a5481cf44/transformed/core-ktx-1.2.0/jars/classes.jar!/" />
      <root url="file://$USER_HOME$/.gradle/caches/transforms-4/d010749eb269634790ab9c0a5481cf44/transformed/core-ktx-1.2.0/AndroidManifest.xml" />
    </CLASSES>
    <JAVADOC />
    <SOURCES>
      <root url="jar://$USER_HOME$/.gradle/caches/modules-2/files-2.1/androidx.core/core-ktx/1.2.0/75eb613f7dec270f611d0adff5fcb0e8b617fe0a/core-ktx-1.2.0-sources.jar!/" />
    </SOURCES>
  </library>
  <library name="Gradle: androidx.core:core:1.13.0@aar" __external-system-id="GRADLE">
    <ANNOTATIONS>
      <root url="jar://$USER_HOME$/.gradle/caches/transforms-4/32624ab82f5af89acbea423f6b97bd25/transformed/core-1.13.0/annotations.zip!/" />
    </ANNOTATIONS>
    <CLASSES>
      <root url="file://$USER_HOME$/.gradle/caches/transforms-4/32624ab82f5af89acbea423f6b97bd25/transformed/core-1.13.0/AndroidManifest.xml" />
      <root url="file://$USER_HOME$/.gradle/caches/transforms-4/32624ab82f5af89acbea423f6b97bd25/transformed/core-1.13.0/res" />
      <root url="jar://$USER_HOME$/.gradle/caches/transforms-4/32624ab82f5af89acbea423f6b97bd25/transformed/core-1.13.0/jars/classes.jar!/" />
    </CLASSES>
    <JAVADOC />
    <SOURCES>
      <root url="jar://$USER_HOME$/.gradle/caches/modules-2/files-2.1/androidx.core/core/1.13.0/9ae580505557c829bed91310494b3ccd0a386dfd/core-1.13.0-sources.jar!/" />
    </SOURCES>
  </library>
  <library name="Gradle: androidx.cursoradapter:cursoradapter:1.0.0@aar" __external-system-id="GRADLE">
    <CLASSES>
      <root url="file://$USER_HOME$/.gradle/caches/transforms-4/7eb3517c4f4a8d5024e7cf5d078cd053/transformed/cursoradapter-1.0.0/AndroidManifest.xml" />
      <root url="jar://$USER_HOME$/.gradle/caches/transforms-4/7eb3517c4f4a8d5024e7cf5d078cd053/transformed/cursoradapter-1.0.0/jars/classes.jar!/" />
    </CLASSES>
    <JAVADOC />
    <SOURCES>
      <root url="jar://$USER_HOME$/.gradle/caches/modules-2/files-2.1/androidx.cursoradapter/cursoradapter/1.0.0/1e323083b41c31fd4d45510dfce50614963c3c6c/cursoradapter-1.0.0-sources.jar!/" />
    </SOURCES>
  </library>
  <library name="Gradle: androidx.customview:customview:1.1.0@aar" __external-system-id="GRADLE">
    <CLASSES>
      <root url="jar://$USER_HOME$/.gradle/caches/transforms-4/1ad2276f219614d07546087bf13fa9c4/transformed/customview-1.1.0/jars/classes.jar!/" />
      <root url="file://$USER_HOME$/.gradle/caches/transforms-4/1ad2276f219614d07546087bf13fa9c4/transformed/customview-1.1.0/AndroidManifest.xml" />
    </CLASSES>
    <JAVADOC />
    <SOURCES>
      <root url="jar://$USER_HOME$/.gradle/caches/modules-2/files-2.1/androidx.customview/customview/1.1.0/be631aafb1eb3f64c9cc57083a21a3321cf2e2e1/customview-1.1.0-sources.jar!/" />
    </SOURCES>
  </library>
  <library name="Gradle: androidx.documentfile:documentfile:1.0.0@aar" __external-system-id="GRADLE">
    <CLASSES>
      <root url="file://$USER_HOME$/.gradle/caches/transforms-4/525dd62a70bce09f816c7bb5c1bdba94/transformed/documentfile-1.0.0/AndroidManifest.xml" />
      <root url="jar://$USER_HOME$/.gradle/caches/transforms-4/525dd62a70bce09f816c7bb5c1bdba94/transformed/documentfile-1.0.0/jars/classes.jar!/" />
    </CLASSES>
    <JAVADOC />
    <SOURCES>
      <root url="jar://$USER_HOME$/.gradle/caches/modules-2/files-2.1/androidx.documentfile/documentfile/1.0.0/a1bed5cf96db96bd06a2feade98fe55653811dc8/documentfile-1.0.0-sources.jar!/" />
    </SOURCES>
  </library>
  <library name="Gradle: androidx.drawerlayout:drawerlayout:1.1.1@aar" __external-system-id="GRADLE">
    <ANNOTATIONS>
      <root url="jar://$USER_HOME$/.gradle/caches/transforms-4/63afb7d28ec5cc08e3bb45306120d02d/transformed/drawerlayout-1.1.1/annotations.zip!/" />
    </ANNOTATIONS>
    <CLASSES>
      <root url="file://$USER_HOME$/.gradle/caches/transforms-4/63afb7d28ec5cc08e3bb45306120d02d/transformed/drawerlayout-1.1.1/AndroidManifest.xml" />
      <root url="file://$USER_HOME$/.gradle/caches/transforms-4/63afb7d28ec5cc08e3bb45306120d02d/transformed/drawerlayout-1.1.1/res" />
      <root url="jar://$USER_HOME$/.gradle/caches/transforms-4/63afb7d28ec5cc08e3bb45306120d02d/transformed/drawerlayout-1.1.1/jars/classes.jar!/" />
    </CLASSES>
    <JAVADOC />
    <SOURCES>
      <root url="jar://$USER_HOME$/.gradle/caches/modules-2/files-2.1/androidx.drawerlayout/drawerlayout/1.1.1/d95f7d9cd7d95cc0c038bbcf9c65f521b56fee55/drawerlayout-1.1.1-sources.jar!/" />
    </SOURCES>
  </library>
  <library name="Gradle: androidx.dynamicanimation:dynamicanimation:1.0.0@aar" __external-system-id="GRADLE">
    <CLASSES>
      <root url="file://$USER_HOME$/.gradle/caches/transforms-4/987eb2946d86067602e8bd5255b4daf6/transformed/dynamicanimation-1.0.0/AndroidManifest.xml" />
      <root url="jar://$USER_HOME$/.gradle/caches/transforms-4/987eb2946d86067602e8bd5255b4daf6/transformed/dynamicanimation-1.0.0/jars/classes.jar!/" />
    </CLASSES>
    <JAVADOC />
    <SOURCES>
      <root url="jar://$USER_HOME$/.gradle/caches/modules-2/files-2.1/androidx.dynamicanimation/dynamicanimation/1.0.0/5c050e29af5033ff5e2d58ccf657ae92fdfbda4a/dynamicanimation-1.0.0-sources.jar!/" />
    </SOURCES>
  </library>
  <library name="Gradle: androidx.fragment:fragment:1.5.4@aar" __external-system-id="GRADLE">
    <ANNOTATIONS>
      <root url="jar://$USER_HOME$/.gradle/caches/transforms-4/16ac110ea25a8a6ab3d18e1a18e9b283/transformed/fragment-1.5.4/annotations.zip!/" />
    </ANNOTATIONS>
    <CLASSES>
      <root url="jar://$USER_HOME$/.gradle/caches/transforms-4/16ac110ea25a8a6ab3d18e1a18e9b283/transformed/fragment-1.5.4/jars/classes.jar!/" />
      <root url="file://$USER_HOME$/.gradle/caches/transforms-4/16ac110ea25a8a6ab3d18e1a18e9b283/transformed/fragment-1.5.4/res" />
      <root url="file://$USER_HOME$/.gradle/caches/transforms-4/16ac110ea25a8a6ab3d18e1a18e9b283/transformed/fragment-1.5.4/AndroidManifest.xml" />
    </CLASSES>
    <JAVADOC />
    <SOURCES>
      <root url="jar://$USER_HOME$/.gradle/caches/modules-2/files-2.1/androidx.fragment/fragment/1.5.4/5404b0f8aeccb2fe882bee99ef8843711c01c156/fragment-1.5.4-sources.jar!/" />
    </SOURCES>
  </library>
  <library name="Gradle: androidx.interpolator:interpolator:1.0.0@aar" __external-system-id="GRADLE">
    <CLASSES>
      <root url="file://$USER_HOME$/.gradle/caches/transforms-4/d4cf2d5b9f52e13f4dd4e3059031a7db/transformed/interpolator-1.0.0/AndroidManifest.xml" />
      <root url="jar://$USER_HOME$/.gradle/caches/transforms-4/d4cf2d5b9f52e13f4dd4e3059031a7db/transformed/interpolator-1.0.0/jars/classes.jar!/" />
    </CLASSES>
    <JAVADOC />
    <SOURCES>
      <root url="jar://$USER_HOME$/.gradle/caches/modules-2/files-2.1/androidx.interpolator/interpolator/1.0.0/fefd5e3cbc479b6b4a9532d05688a1e659e8d3d2/interpolator-1.0.0-sources.jar!/" />
    </SOURCES>
  </library>
  <library name="Gradle: androidx.legacy:legacy-support-core-utils:1.0.0@aar" __external-system-id="GRADLE">
    <CLASSES>
      <root url="file://$USER_HOME$/.gradle/caches/transforms-4/762731b78fedd339ac9839ffe11b0146/transformed/legacy-support-core-utils-1.0.0/AndroidManifest.xml" />
      <root url="jar://$USER_HOME$/.gradle/caches/transforms-4/762731b78fedd339ac9839ffe11b0146/transformed/legacy-support-core-utils-1.0.0/jars/classes.jar!/" />
    </CLASSES>
    <JAVADOC />
    <SOURCES>
      <root url="jar://$USER_HOME$/.gradle/caches/modules-2/files-2.1/androidx.legacy/legacy-support-core-utils/1.0.0/46c37f178088153618cfb0afef08ec96c48f93cb/legacy-support-core-utils-1.0.0-sources.jar!/" />
    </SOURCES>
  </library>
  <library name="Gradle: androidx.lifecycle:lifecycle-common:2.6.2" type="java-imported" __external-system-id="GRADLE">
    <properties groupId="androidx.lifecycle" artifactId="lifecycle-common" version="2.6.2" />
    <CLASSES>
      <root url="jar://$USER_HOME$/.gradle/caches/modules-2/files-2.1/androidx.lifecycle/lifecycle-common/2.6.2/10f354fdb64868baecd67128560c5a0d6312c495/lifecycle-common-2.6.2.jar!/" />
    </CLASSES>
    <JAVADOC />
    <SOURCES>
      <root url="jar://$USER_HOME$/.gradle/caches/modules-2/files-2.1/androidx.lifecycle/lifecycle-common/2.6.2/a2a417e26f5d4c961d9621d0540014e1706d0c52/lifecycle-common-2.6.2-sources.jar!/" />
    </SOURCES>
  </library>
  <library name="Gradle: androidx.lifecycle:lifecycle-livedata-core:2.6.2@aar" __external-system-id="GRADLE">
    <CLASSES>
      <root url="file://$USER_HOME$/.gradle/caches/transforms-4/aea212b95f8c638e9bcaf38ac5a24d03/transformed/lifecycle-livedata-core-2.6.2/res" />
      <root url="file://$USER_HOME$/.gradle/caches/transforms-4/aea212b95f8c638e9bcaf38ac5a24d03/transformed/lifecycle-livedata-core-2.6.2/AndroidManifest.xml" />
      <root url="jar://$USER_HOME$/.gradle/caches/transforms-4/aea212b95f8c638e9bcaf38ac5a24d03/transformed/lifecycle-livedata-core-2.6.2/jars/classes.jar!/" />
    </CLASSES>
    <JAVADOC />
    <SOURCES>
      <root url="jar://$USER_HOME$/.gradle/caches/modules-2/files-2.1/androidx.lifecycle/lifecycle-livedata-core/2.6.2/3b4141d2e2e1ff6ddfd8f1990283d579d2e2f7a4/lifecycle-livedata-core-2.6.2-sources.jar!/" />
    </SOURCES>
  </library>
  <library name="Gradle: androidx.lifecycle:lifecycle-livedata:2.6.2@aar" __external-system-id="GRADLE">
    <CLASSES>
      <root url="file://$USER_HOME$/.gradle/caches/transforms-4/068ac24b70295b34d993f6dd2e874b6a/transformed/lifecycle-livedata-2.6.2/res" />
      <root url="jar://$USER_HOME$/.gradle/caches/transforms-4/068ac24b70295b34d993f6dd2e874b6a/transformed/lifecycle-livedata-2.6.2/jars/classes.jar!/" />
      <root url="file://$USER_HOME$/.gradle/caches/transforms-4/068ac24b70295b34d993f6dd2e874b6a/transformed/lifecycle-livedata-2.6.2/AndroidManifest.xml" />
    </CLASSES>
    <JAVADOC />
    <SOURCES>
      <root url="jar://$USER_HOME$/.gradle/caches/modules-2/files-2.1/androidx.lifecycle/lifecycle-livedata/2.6.2/7ee67be9804a0951093b89b1115f95facb1d823/lifecycle-livedata-2.6.2-sources.jar!/" />
    </SOURCES>
  </library>
  <library name="Gradle: androidx.lifecycle:lifecycle-runtime:2.6.2@aar" __external-system-id="GRADLE">
    <CLASSES>
      <root url="file://$USER_HOME$/.gradle/caches/transforms-4/15a509079569ca5e25659dae280fa2f6/transformed/lifecycle-runtime-2.6.2/AndroidManifest.xml" />
      <root url="jar://$USER_HOME$/.gradle/caches/transforms-4/15a509079569ca5e25659dae280fa2f6/transformed/lifecycle-runtime-2.6.2/jars/classes.jar!/" />
      <root url="file://$USER_HOME$/.gradle/caches/transforms-4/15a509079569ca5e25659dae280fa2f6/transformed/lifecycle-runtime-2.6.2/res" />
    </CLASSES>
    <JAVADOC />
    <SOURCES>
      <root url="jar://$USER_HOME$/.gradle/caches/modules-2/files-2.1/androidx.lifecycle/lifecycle-runtime/2.6.2/f653a171fc041d7062a83c81458c12f0201bcd6f/lifecycle-runtime-2.6.2-sources.jar!/" />
    </SOURCES>
  </library>
  <library name="Gradle: androidx.lifecycle:lifecycle-viewmodel-savedstate:2.6.2@aar" __external-system-id="GRADLE">
    <CLASSES>
      <root url="jar://$USER_HOME$/.gradle/caches/transforms-4/743dc9b44ac46ebb97c52f7cc9a9fda5/transformed/lifecycle-viewmodel-savedstate-2.6.2/jars/classes.jar!/" />
      <root url="file://$USER_HOME$/.gradle/caches/transforms-4/743dc9b44ac46ebb97c52f7cc9a9fda5/transformed/lifecycle-viewmodel-savedstate-2.6.2/AndroidManifest.xml" />
      <root url="file://$USER_HOME$/.gradle/caches/transforms-4/743dc9b44ac46ebb97c52f7cc9a9fda5/transformed/lifecycle-viewmodel-savedstate-2.6.2/res" />
    </CLASSES>
    <JAVADOC />
    <SOURCES>
      <root url="jar://$USER_HOME$/.gradle/caches/modules-2/files-2.1/androidx.lifecycle/lifecycle-viewmodel-savedstate/2.6.2/2d3519967d6ad4b68af5219e6a2bf015c1ed6287/lifecycle-viewmodel-savedstate-2.6.2-sources.jar!/" />
    </SOURCES>
  </library>
  <library name="Gradle: androidx.lifecycle:lifecycle-viewmodel:2.6.2@aar" __external-system-id="GRADLE">
    <CLASSES>
      <root url="jar://$USER_HOME$/.gradle/caches/transforms-4/17b336c07dcef7fcc24d3fa9ee7bcbaf/transformed/lifecycle-viewmodel-2.6.2/jars/classes.jar!/" />
      <root url="file://$USER_HOME$/.gradle/caches/transforms-4/17b336c07dcef7fcc24d3fa9ee7bcbaf/transformed/lifecycle-viewmodel-2.6.2/res" />
      <root url="file://$USER_HOME$/.gradle/caches/transforms-4/17b336c07dcef7fcc24d3fa9ee7bcbaf/transformed/lifecycle-viewmodel-2.6.2/AndroidManifest.xml" />
    </CLASSES>
    <JAVADOC />
    <SOURCES>
      <root url="jar://$USER_HOME$/.gradle/caches/modules-2/files-2.1/androidx.lifecycle/lifecycle-viewmodel/2.6.2/dc2aa94a7174f4b67e6923496dc195cbf726a63b/lifecycle-viewmodel-2.6.2-sources.jar!/" />
    </SOURCES>
  </library>
  <library name="Gradle: androidx.loader:loader:1.0.0@aar" __external-system-id="GRADLE">
    <CLASSES>
      <root url="jar://$USER_HOME$/.gradle/caches/transforms-4/bd1598922a2d36975104ad1d65f107e7/transformed/loader-1.0.0/jars/classes.jar!/" />
      <root url="file://$USER_HOME$/.gradle/caches/transforms-4/bd1598922a2d36975104ad1d65f107e7/transformed/loader-1.0.0/AndroidManifest.xml" />
    </CLASSES>
    <JAVADOC />
    <SOURCES>
      <root url="jar://$USER_HOME$/.gradle/caches/modules-2/files-2.1/androidx.loader/loader/1.0.0/b9ef587f3e46c7fe5b00264989764e43ff45cada/loader-1.0.0-sources.jar!/" />
    </SOURCES>
  </library>
  <library name="Gradle: androidx.localbroadcastmanager:localbroadcastmanager:1.0.0@aar" __external-system-id="GRADLE">
    <CLASSES>
      <root url="jar://$USER_HOME$/.gradle/caches/transforms-4/236629738a8d7c0b63fc85511ab34408/transformed/localbroadcastmanager-1.0.0/jars/classes.jar!/" />
      <root url="file://$USER_HOME$/.gradle/caches/transforms-4/236629738a8d7c0b63fc85511ab34408/transformed/localbroadcastmanager-1.0.0/AndroidManifest.xml" />
    </CLASSES>
    <JAVADOC />
    <SOURCES>
      <root url="jar://$USER_HOME$/.gradle/caches/modules-2/files-2.1/androidx.localbroadcastmanager/localbroadcastmanager/1.0.0/3930e99159fd6b7f1d2e7d5fe9af0924ca1faf9/localbroadcastmanager-1.0.0-sources.jar!/" />
    </SOURCES>
  </library>
  <library name="Gradle: androidx.print:print:1.0.0@aar" __external-system-id="GRADLE">
    <ANNOTATIONS>
      <root url="jar://$USER_HOME$/.gradle/caches/transforms-4/58eb9f8d30413ec2ba7020fb90ff0e6a/transformed/print-1.0.0/annotations.zip!/" />
    </ANNOTATIONS>
    <CLASSES>
      <root url="jar://$USER_HOME$/.gradle/caches/transforms-4/58eb9f8d30413ec2ba7020fb90ff0e6a/transformed/print-1.0.0/jars/classes.jar!/" />
      <root url="file://$USER_HOME$/.gradle/caches/transforms-4/58eb9f8d30413ec2ba7020fb90ff0e6a/transformed/print-1.0.0/AndroidManifest.xml" />
    </CLASSES>
    <JAVADOC />
    <SOURCES>
      <root url="jar://$USER_HOME$/.gradle/caches/modules-2/files-2.1/androidx.print/print/1.0.0/71fc2d9acf7cce6b96230c5af263268b1664914a/print-1.0.0-sources.jar!/" />
    </SOURCES>
  </library>
  <library name="Gradle: androidx.recyclerview:recyclerview:1.1.0@aar" __external-system-id="GRADLE">
    <ANNOTATIONS>
      <root url="jar://$USER_HOME$/.gradle/caches/transforms-4/47270f82406b8b3db6c4794f9e46fa19/transformed/recyclerview-1.1.0/annotations.zip!/" />
    </ANNOTATIONS>
    <CLASSES>
      <root url="file://$USER_HOME$/.gradle/caches/transforms-4/47270f82406b8b3db6c4794f9e46fa19/transformed/recyclerview-1.1.0/AndroidManifest.xml" />
      <root url="file://$USER_HOME$/.gradle/caches/transforms-4/47270f82406b8b3db6c4794f9e46fa19/transformed/recyclerview-1.1.0/res" />
      <root url="jar://$USER_HOME$/.gradle/caches/transforms-4/47270f82406b8b3db6c4794f9e46fa19/transformed/recyclerview-1.1.0/jars/classes.jar!/" />
    </CLASSES>
    <JAVADOC />
    <SOURCES>
      <root url="jar://$USER_HOME$/.gradle/caches/modules-2/files-2.1/androidx.recyclerview/recyclerview/1.1.0/f2bdf79e1977939817f54a9d3e2f6bc52b63bdd0/recyclerview-1.1.0-sources.jar!/" />
    </SOURCES>
  </library>
  <library name="Gradle: androidx.resourceinspection:resourceinspection-annotation:1.0.1" type="java-imported" __external-system-id="GRADLE">
    <properties groupId="androidx.resourceinspection" artifactId="resourceinspection-annotation" version="1.0.1" />
    <CLASSES>
      <root url="jar://$USER_HOME$/.gradle/caches/modules-2/files-2.1/androidx.resourceinspection/resourceinspection-annotation/1.0.1/8c21f8ff5d96d5d52c948707f7e4d6ca6773feef/resourceinspection-annotation-1.0.1.jar!/" />
    </CLASSES>
    <JAVADOC />
    <SOURCES>
      <root url="jar://$USER_HOME$/.gradle/caches/modules-2/files-2.1/androidx.resourceinspection/resourceinspection-annotation/1.0.1/a1c91a3cf63fd51a8e755747186d97585f955ae3/resourceinspection-annotation-1.0.1-sources.jar!/" />
    </SOURCES>
  </library>
  <library name="Gradle: androidx.savedstate:savedstate:1.2.1@aar" __external-system-id="GRADLE">
    <CLASSES>
      <root url="file://$USER_HOME$/.gradle/caches/transforms-4/0779e961c7f6bceeb8f16be9a9e9a0b1/transformed/savedstate-1.2.1/res" />
      <root url="file://$USER_HOME$/.gradle/caches/transforms-4/0779e961c7f6bceeb8f16be9a9e9a0b1/transformed/savedstate-1.2.1/AndroidManifest.xml" />
      <root url="jar://$USER_HOME$/.gradle/caches/transforms-4/0779e961c7f6bceeb8f16be9a9e9a0b1/transformed/savedstate-1.2.1/jars/classes.jar!/" />
    </CLASSES>
    <JAVADOC />
    <SOURCES>
      <root url="jar://$USER_HOME$/.gradle/caches/modules-2/files-2.1/androidx.savedstate/savedstate/1.2.1/58d4c9fd35e826d3bce813974006451ee9ba4344/savedstate-1.2.1-sources.jar!/" />
    </SOURCES>
  </library>
  <library name="Gradle: androidx.test.espresso:espresso-core:3.6.1@aar" __external-system-id="GRADLE">
    <CLASSES>
      <root url="jar://$USER_HOME$/.gradle/caches/transforms-4/de3b77d5ab21b73cd6294b3fa0e66b40/transformed/espresso-core-3.6.1/jars/classes.jar!/" />
      <root url="file://$USER_HOME$/.gradle/caches/transforms-4/de3b77d5ab21b73cd6294b3fa0e66b40/transformed/espresso-core-3.6.1/AndroidManifest.xml" />
    </CLASSES>
    <JAVADOC />
    <SOURCES>
      <root url="jar://$USER_HOME$/.gradle/caches/modules-2/files-2.1/androidx.test.espresso/espresso-core/3.6.1/ae28cd7a813c807ad2bd255e4eca950f75bea24f/espresso-core-3.6.1-sources.jar!/" />
    </SOURCES>
  </library>
  <library name="Gradle: androidx.test.espresso:espresso-idling-resource:3.6.1@aar" __external-system-id="GRADLE">
    <CLASSES>
      <root url="jar://$USER_HOME$/.gradle/caches/transforms-4/d3d80bd0e9d495086714976fcc9baa7f/transformed/espresso-idling-resource-3.6.1/jars/classes.jar!/" />
      <root url="file://$USER_HOME$/.gradle/caches/transforms-4/d3d80bd0e9d495086714976fcc9baa7f/transformed/espresso-idling-resource-3.6.1/AndroidManifest.xml" />
    </CLASSES>
    <JAVADOC />
    <SOURCES>
      <root url="jar://$USER_HOME$/.gradle/caches/modules-2/files-2.1/androidx.test.espresso/espresso-idling-resource/3.6.1/77a86d3b8d6399211eaa422174f17011978567bb/espresso-idling-resource-3.6.1-sources.jar!/" />
    </SOURCES>
  </library>
  <library name="Gradle: androidx.test.ext:junit:1.2.1@aar" __external-system-id="GRADLE">
    <CLASSES>
      <root url="jar://$USER_HOME$/.gradle/caches/transforms-4/e1c28eef6937e483200da0233f19dc4c/transformed/junit-1.2.1/jars/classes.jar!/" />
      <root url="file://$USER_HOME$/.gradle/caches/transforms-4/e1c28eef6937e483200da0233f19dc4c/transformed/junit-1.2.1/AndroidManifest.xml" />
    </CLASSES>
    <JAVADOC />
    <SOURCES>
      <root url="jar://$USER_HOME$/.gradle/caches/modules-2/files-2.1/androidx.test.ext/junit/1.2.1/f170b63147430a6b8074a09070d1759edd0237b6/junit-1.2.1-sources.jar!/" />
    </SOURCES>
  </library>
  <library name="Gradle: androidx.test.services:storage:1.5.0@aar" __external-system-id="GRADLE">
    <CLASSES>
      <root url="jar://$USER_HOME$/.gradle/caches/transforms-4/9f54b22211c20a74480e9dcc2cb99637/transformed/storage-1.5.0/jars/classes.jar!/" />
      <root url="file://$USER_HOME$/.gradle/caches/transforms-4/9f54b22211c20a74480e9dcc2cb99637/transformed/storage-1.5.0/AndroidManifest.xml" />
    </CLASSES>
    <JAVADOC />
    <SOURCES>
      <root url="jar://$USER_HOME$/.gradle/caches/modules-2/files-2.1/androidx.test.services/storage/1.5.0/e79382cf7d1d44ef6b4b32533d10379ed3cbc656/storage-1.5.0-sources.jar!/" />
    </SOURCES>
  </library>
  <library name="Gradle: androidx.test:core:1.6.1@aar" __external-system-id="GRADLE">
    <CLASSES>
      <root url="file://$USER_HOME$/.gradle/caches/transforms-4/697cfd3e2b6ace7dd5bf2efaae53b9f4/transformed/core-1.6.1/res" />
      <root url="jar://$USER_HOME$/.gradle/caches/transforms-4/697cfd3e2b6ace7dd5bf2efaae53b9f4/transformed/core-1.6.1/jars/classes.jar!/" />
      <root url="file://$USER_HOME$/.gradle/caches/transforms-4/697cfd3e2b6ace7dd5bf2efaae53b9f4/transformed/core-1.6.1/AndroidManifest.xml" />
    </CLASSES>
    <JAVADOC />
    <SOURCES>
      <root url="jar://$USER_HOME$/.gradle/caches/modules-2/files-2.1/androidx.test/core/1.6.1/373d480f7ae91a32ac4ee1583709af21f319c951/core-1.6.1-sources.jar!/" />
    </SOURCES>
  </library>
  <library name="Gradle: androidx.test:monitor:1.7.1@aar" __external-system-id="GRADLE">
    <CLASSES>
      <root url="file://$USER_HOME$/.gradle/caches/transforms-4/9cb8f121cd2c91833c86cb6253dcf990/transformed/monitor-1.7.1/AndroidManifest.xml" />
      <root url="jar://$USER_HOME$/.gradle/caches/transforms-4/9cb8f121cd2c91833c86cb6253dcf990/transformed/monitor-1.7.1/jars/classes.jar!/" />
    </CLASSES>
    <JAVADOC />
    <SOURCES>
      <root url="jar://$USER_HOME$/.gradle/caches/modules-2/files-2.1/androidx.test/monitor/1.7.1/3bb3e64a2ff28bd3fdedf8a7c3cc09f22e12806a/monitor-1.7.1-sources.jar!/" />
    </SOURCES>
  </library>
  <library name="Gradle: androidx.test:runner:1.6.1@aar" __external-system-id="GRADLE">
    <CLASSES>
      <root url="file://$USER_HOME$/.gradle/caches/transforms-4/4dbcf12e86a661965fc15eb380aa09c4/transformed/runner-1.6.1/AndroidManifest.xml" />
      <root url="jar://$USER_HOME$/.gradle/caches/transforms-4/4dbcf12e86a661965fc15eb380aa09c4/transformed/runner-1.6.1/jars/classes.jar!/" />
    </CLASSES>
    <JAVADOC />
    <SOURCES>
      <root url="jar://$USER_HOME$/.gradle/caches/modules-2/files-2.1/androidx.test/runner/1.6.1/94d2c587aee44dd1fb38b5112f21623138224ba7/runner-1.6.1-sources.jar!/" />
    </SOURCES>
  </library>
  <library name="Gradle: androidx.tracing:tracing:1.0.0@aar" __external-system-id="GRADLE">
    <CLASSES>
      <root url="file://$USER_HOME$/.gradle/caches/transforms-4/43a34f5247e529da05b97f8495f5fe7b/transformed/tracing-1.0.0/AndroidManifest.xml" />
      <root url="jar://$USER_HOME$/.gradle/caches/transforms-4/43a34f5247e529da05b97f8495f5fe7b/transformed/tracing-1.0.0/jars/classes.jar!/" />
    </CLASSES>
    <JAVADOC />
    <SOURCES>
      <root url="jar://$USER_HOME$/.gradle/caches/modules-2/files-2.1/androidx.tracing/tracing/1.0.0/aa6dafdce323d80a993c5427cf81d5072f023c8c/tracing-1.0.0-sources.jar!/" />
    </SOURCES>
  </library>
  <library name="Gradle: androidx.transition:transition:1.5.0@aar" __external-system-id="GRADLE">
    <ANNOTATIONS>
      <root url="jar://$USER_HOME$/.gradle/caches/transforms-4/792877210587c5f6b86832d65b7b372a/transformed/transition-1.5.0/annotations.zip!/" />
    </ANNOTATIONS>
    <CLASSES>
      <root url="jar://$USER_HOME$/.gradle/caches/transforms-4/792877210587c5f6b86832d65b7b372a/transformed/transition-1.5.0/jars/classes.jar!/" />
      <root url="file://$USER_HOME$/.gradle/caches/transforms-4/792877210587c5f6b86832d65b7b372a/transformed/transition-1.5.0/res" />
      <root url="file://$USER_HOME$/.gradle/caches/transforms-4/792877210587c5f6b86832d65b7b372a/transformed/transition-1.5.0/AndroidManifest.xml" />
    </CLASSES>
    <JAVADOC />
    <SOURCES>
      <root url="jar://$USER_HOME$/.gradle/caches/modules-2/files-2.1/androidx.transition/transition/1.5.0/9372d1f39a8d63c3d6ed67688546a789037ac8b0/transition-1.5.0-sources.jar!/" />
    </SOURCES>
  </library>
  <library name="Gradle: androidx.vectordrawable:vectordrawable-animated:1.1.0@aar" __external-system-id="GRADLE">
    <CLASSES>
      <root url="jar://$USER_HOME$/.gradle/caches/transforms-4/f3722229ba7f5b01141d05b318563043/transformed/vectordrawable-animated-1.1.0/jars/classes.jar!/" />
      <root url="file://$USER_HOME$/.gradle/caches/transforms-4/f3722229ba7f5b01141d05b318563043/transformed/vectordrawable-animated-1.1.0/AndroidManifest.xml" />
    </CLASSES>
    <JAVADOC />
    <SOURCES>
      <root url="jar://$USER_HOME$/.gradle/caches/modules-2/files-2.1/androidx.vectordrawable/vectordrawable-animated/1.1.0/871a7705cd03bc246947638c712cdd11378233ff/vectordrawable-animated-1.1.0-sources.jar!/" />
    </SOURCES>
  </library>
  <library name="Gradle: androidx.vectordrawable:vectordrawable:1.1.0@aar" __external-system-id="GRADLE">
    <CLASSES>
      <root url="jar://$USER_HOME$/.gradle/caches/transforms-4/6c6e1ec810525eb219743f30493415b1/transformed/vectordrawable-1.1.0/jars/classes.jar!/" />
      <root url="file://$USER_HOME$/.gradle/caches/transforms-4/6c6e1ec810525eb219743f30493415b1/transformed/vectordrawable-1.1.0/AndroidManifest.xml" />
    </CLASSES>
    <JAVADOC />
    <SOURCES>
      <root url="jar://$USER_HOME$/.gradle/caches/modules-2/files-2.1/androidx.vectordrawable/vectordrawable/1.1.0/1e0694477eed874c50c54b547cc3e5a62a57a62b/vectordrawable-1.1.0-sources.jar!/" />
    </SOURCES>
  </library>
  <library name="Gradle: androidx.versionedparcelable:versionedparcelable:1.1.1@aar" __external-system-id="GRADLE">
    <CLASSES>
      <root url="file://$USER_HOME$/.gradle/caches/transforms-4/80ea7498a3f733dc85f9f4e1557cb314/transformed/versionedparcelable-1.1.1/AndroidManifest.xml" />
      <root url="jar://$USER_HOME$/.gradle/caches/transforms-4/80ea7498a3f733dc85f9f4e1557cb314/transformed/versionedparcelable-1.1.1/jars/classes.jar!/" />
    </CLASSES>
    <JAVADOC />
    <SOURCES>
      <root url="jar://$USER_HOME$/.gradle/caches/modules-2/files-2.1/androidx.versionedparcelable/versionedparcelable/1.1.1/d9085927216387af679d18b6f472bc0fc5c7cc81/versionedparcelable-1.1.1-sources.jar!/" />
    </SOURCES>
  </library>
  <library name="Gradle: androidx.viewpager2:viewpager2:1.0.0@aar" __external-system-id="GRADLE">
    <ANNOTATIONS>
      <root url="jar://$USER_HOME$/.gradle/caches/transforms-4/60849ef459760a2478e9c17e1547c2ed/transformed/viewpager2-1.0.0/annotations.zip!/" />
    </ANNOTATIONS>
    <CLASSES>
      <root url="file://$USER_HOME$/.gradle/caches/transforms-4/60849ef459760a2478e9c17e1547c2ed/transformed/viewpager2-1.0.0/res" />
      <root url="file://$USER_HOME$/.gradle/caches/transforms-4/60849ef459760a2478e9c17e1547c2ed/transformed/viewpager2-1.0.0/AndroidManifest.xml" />
      <root url="jar://$USER_HOME$/.gradle/caches/transforms-4/60849ef459760a2478e9c17e1547c2ed/transformed/viewpager2-1.0.0/jars/classes.jar!/" />
    </CLASSES>
    <JAVADOC />
    <SOURCES>
      <root url="jar://$USER_HOME$/.gradle/caches/modules-2/files-2.1/androidx.viewpager2/viewpager2/1.0.0/3c3569044e6969f1ee5c3aa03b08e6717a2d782f/viewpager2-1.0.0-sources.jar!/" />
    </SOURCES>
  </library>
  <library name="Gradle: androidx.viewpager:viewpager:1.0.0@aar" __external-system-id="GRADLE">
    <CLASSES>
      <root url="file://$USER_HOME$/.gradle/caches/transforms-4/dd4de4a726de557247c9cd3bee154239/transformed/viewpager-1.0.0/AndroidManifest.xml" />
      <root url="jar://$USER_HOME$/.gradle/caches/transforms-4/dd4de4a726de557247c9cd3bee154239/transformed/viewpager-1.0.0/jars/classes.jar!/" />
    </CLASSES>
    <JAVADOC />
    <SOURCES>
      <root url="jar://$USER_HOME$/.gradle/caches/modules-2/files-2.1/androidx.viewpager/viewpager/1.0.0/db045f92188b9d247d5f556866f8861ab68528f0/viewpager-1.0.0-sources.jar!/" />
    </SOURCES>
  </library>
  <library name="Gradle: com.android.support:animated-vector-drawable:28.0.0@aar" __external-system-id="GRADLE">
    <CLASSES>
      <root url="jar://$USER_HOME$/.gradle/caches/transforms-4/e2d86043b9081921b69e82d71405abd3/transformed/animated-vector-drawable-28.0.0/jars/classes.jar!/" />
      <root url="file://$USER_HOME$/.gradle/caches/transforms-4/e2d86043b9081921b69e82d71405abd3/transformed/animated-vector-drawable-28.0.0/AndroidManifest.xml" />
    </CLASSES>
    <JAVADOC />
    <SOURCES />
  </library>
  <library name="Gradle: com.android.support:appcompat-v7:28.0.0@aar" __external-system-id="GRADLE">
    <ANNOTATIONS>
      <root url="jar://$USER_HOME$/.gradle/caches/transforms-4/9e18dfd07351fe18650448b6c021db03/transformed/appcompat-v7-28.0.0/annotations.zip!/" />
    </ANNOTATIONS>
    <CLASSES>
      <root url="jar://$USER_HOME$/.gradle/caches/transforms-4/9e18dfd07351fe18650448b6c021db03/transformed/appcompat-v7-28.0.0/jars/classes.jar!/" />
      <root url="file://$USER_HOME$/.gradle/caches/transforms-4/9e18dfd07351fe18650448b6c021db03/transformed/appcompat-v7-28.0.0/res" />
      <root url="file://$USER_HOME$/.gradle/caches/transforms-4/9e18dfd07351fe18650448b6c021db03/transformed/appcompat-v7-28.0.0/AndroidManifest.xml" />
    </CLASSES>
    <JAVADOC />
    <SOURCES />
  </library>
  <library name="Gradle: com.android.support:asynclayoutinflater:28.0.0@aar" __external-system-id="GRADLE">
    <CLASSES>
      <root url="jar://$USER_HOME$/.gradle/caches/transforms-4/a781321f44057c1b9e3a672e9de864e2/transformed/asynclayoutinflater-28.0.0/jars/classes.jar!/" />
      <root url="file://$USER_HOME$/.gradle/caches/transforms-4/a781321f44057c1b9e3a672e9de864e2/transformed/asynclayoutinflater-28.0.0/AndroidManifest.xml" />
    </CLASSES>
    <JAVADOC />
    <SOURCES />
  </library>
  <library name="Gradle: com.android.support:cardview-v7:28.0.0@aar" __external-system-id="GRADLE">
    <CLASSES>
      <root url="jar://$USER_HOME$/.gradle/caches/transforms-4/c48d07777b1e648c51fae2a94f606afd/transformed/cardview-v7-28.0.0/jars/classes.jar!/" />
      <root url="file://$USER_HOME$/.gradle/caches/transforms-4/c48d07777b1e648c51fae2a94f606afd/transformed/cardview-v7-28.0.0/res" />
      <root url="file://$USER_HOME$/.gradle/caches/transforms-4/c48d07777b1e648c51fae2a94f606afd/transformed/cardview-v7-28.0.0/AndroidManifest.xml" />
    </CLASSES>
    <JAVADOC />
    <SOURCES />
  </library>
  <library name="Gradle: com.android.support:collections:28.0.0" type="java-imported" __external-system-id="GRADLE">
    <properties groupId="com.android.support" artifactId="collections" version="28.0.0" />
    <CLASSES>
      <root url="jar://$USER_HOME$/.gradle/caches/modules-2/files-2.1/com.android.support/collections/28.0.0/c1bcdade4d3cc2836130424a3f3e4182c666a745/collections-28.0.0.jar!/" />
    </CLASSES>
    <JAVADOC />
    <SOURCES />
  </library>
  <library name="Gradle: com.android.support:coordinatorlayout:28.0.0@aar" __external-system-id="GRADLE">
    <ANNOTATIONS>
      <root url="jar://$USER_HOME$/.gradle/caches/transforms-4/7925197356a2be3434171c3fd7fffc0e/transformed/coordinatorlayout-28.0.0/annotations.zip!/" />
    </ANNOTATIONS>
    <CLASSES>
      <root url="jar://$USER_HOME$/.gradle/caches/transforms-4/7925197356a2be3434171c3fd7fffc0e/transformed/coordinatorlayout-28.0.0/jars/classes.jar!/" />
      <root url="file://$USER_HOME$/.gradle/caches/transforms-4/7925197356a2be3434171c3fd7fffc0e/transformed/coordinatorlayout-28.0.0/res" />
      <root url="file://$USER_HOME$/.gradle/caches/transforms-4/7925197356a2be3434171c3fd7fffc0e/transformed/coordinatorlayout-28.0.0/AndroidManifest.xml" />
    </CLASSES>
    <JAVADOC />
    <SOURCES />
  </library>
  <library name="Gradle: com.android.support:cursoradapter:28.0.0@aar" __external-system-id="GRADLE">
    <CLASSES>
      <root url="jar://$USER_HOME$/.gradle/caches/transforms-4/a15e53d7ed3492805d1ff102e13b8075/transformed/cursoradapter-28.0.0/jars/classes.jar!/" />
      <root url="file://$USER_HOME$/.gradle/caches/transforms-4/a15e53d7ed3492805d1ff102e13b8075/transformed/cursoradapter-28.0.0/AndroidManifest.xml" />
    </CLASSES>
    <JAVADOC />
    <SOURCES />
  </library>
  <library name="Gradle: com.android.support:customview:28.0.0@aar" __external-system-id="GRADLE">
    <CLASSES>
      <root url="jar://$USER_HOME$/.gradle/caches/transforms-4/a6bceed6b54e17129402139de806c04f/transformed/customview-28.0.0/jars/classes.jar!/" />
      <root url="file://$USER_HOME$/.gradle/caches/transforms-4/a6bceed6b54e17129402139de806c04f/transformed/customview-28.0.0/AndroidManifest.xml" />
    </CLASSES>
    <JAVADOC />
    <SOURCES />
  </library>
  <library name="Gradle: com.android.support:design:28.0.0@aar" __external-system-id="GRADLE">
    <ANNOTATIONS>
      <root url="jar://$USER_HOME$/.gradle/caches/transforms-4/9a81c555a4ad03dce608cad97a5ff04f/transformed/design-28.0.0/annotations.zip!/" />
    </ANNOTATIONS>
    <CLASSES>
      <root url="jar://$USER_HOME$/.gradle/caches/transforms-4/9a81c555a4ad03dce608cad97a5ff04f/transformed/design-28.0.0/jars/classes.jar!/" />
      <root url="file://$USER_HOME$/.gradle/caches/transforms-4/9a81c555a4ad03dce608cad97a5ff04f/transformed/design-28.0.0/res" />
      <root url="file://$USER_HOME$/.gradle/caches/transforms-4/9a81c555a4ad03dce608cad97a5ff04f/transformed/design-28.0.0/AndroidManifest.xml" />
    </CLASSES>
    <JAVADOC />
    <SOURCES />
  </library>
  <library name="Gradle: com.android.support:documentfile:28.0.0@aar" __external-system-id="GRADLE">
    <CLASSES>
      <root url="jar://$USER_HOME$/.gradle/caches/transforms-4/3901a0ed9314e2c57c068047f18b1f2d/transformed/documentfile-28.0.0/jars/classes.jar!/" />
      <root url="file://$USER_HOME$/.gradle/caches/transforms-4/3901a0ed9314e2c57c068047f18b1f2d/transformed/documentfile-28.0.0/AndroidManifest.xml" />
    </CLASSES>
    <JAVADOC />
    <SOURCES />
  </library>
  <library name="Gradle: com.android.support:drawerlayout:28.0.0@aar" __external-system-id="GRADLE">
    <ANNOTATIONS>
      <root url="jar://$USER_HOME$/.gradle/caches/transforms-4/0b3ff9e79ca76b0b9a71cd944194d3a8/transformed/drawerlayout-28.0.0/annotations.zip!/" />
    </ANNOTATIONS>
    <CLASSES>
      <root url="jar://$USER_HOME$/.gradle/caches/transforms-4/0b3ff9e79ca76b0b9a71cd944194d3a8/transformed/drawerlayout-28.0.0/jars/classes.jar!/" />
      <root url="file://$USER_HOME$/.gradle/caches/transforms-4/0b3ff9e79ca76b0b9a71cd944194d3a8/transformed/drawerlayout-28.0.0/AndroidManifest.xml" />
    </CLASSES>
    <JAVADOC />
    <SOURCES />
  </library>
  <library name="Gradle: com.android.support:interpolator:28.0.0@aar" __external-system-id="GRADLE">
    <CLASSES>
      <root url="jar://$USER_HOME$/.gradle/caches/transforms-4/cd410483f82b01d92f758a7ec1e03125/transformed/interpolator-28.0.0/jars/classes.jar!/" />
      <root url="file://$USER_HOME$/.gradle/caches/transforms-4/cd410483f82b01d92f758a7ec1e03125/transformed/interpolator-28.0.0/AndroidManifest.xml" />
    </CLASSES>
    <JAVADOC />
    <SOURCES />
  </library>
  <library name="Gradle: com.android.support:loader:28.0.0@aar" __external-system-id="GRADLE">
    <CLASSES>
      <root url="jar://$USER_HOME$/.gradle/caches/transforms-4/327888d2ef08577a479e70251bc97f93/transformed/loader-28.0.0/jars/classes.jar!/" />
      <root url="file://$USER_HOME$/.gradle/caches/transforms-4/327888d2ef08577a479e70251bc97f93/transformed/loader-28.0.0/AndroidManifest.xml" />
    </CLASSES>
    <JAVADOC />
    <SOURCES />
  </library>
  <library name="Gradle: com.android.support:localbroadcastmanager:28.0.0@aar" __external-system-id="GRADLE">
    <CLASSES>
      <root url="jar://$USER_HOME$/.gradle/caches/transforms-4/d8af49a6ed86bc1cdf209d2a8d1b7751/transformed/localbroadcastmanager-28.0.0/jars/classes.jar!/" />
      <root url="file://$USER_HOME$/.gradle/caches/transforms-4/d8af49a6ed86bc1cdf209d2a8d1b7751/transformed/localbroadcastmanager-28.0.0/AndroidManifest.xml" />
    </CLASSES>
    <JAVADOC />
    <SOURCES />
  </library>
  <library name="Gradle: com.android.support:print:28.0.0@aar" __external-system-id="GRADLE">
    <ANNOTATIONS>
      <root url="jar://$USER_HOME$/.gradle/caches/transforms-4/a9da8aa87726ab5eeaceff96420a5bed/transformed/print-28.0.0/annotations.zip!/" />
    </ANNOTATIONS>
    <CLASSES>
      <root url="jar://$USER_HOME$/.gradle/caches/transforms-4/a9da8aa87726ab5eeaceff96420a5bed/transformed/print-28.0.0/jars/classes.jar!/" />
      <root url="file://$USER_HOME$/.gradle/caches/transforms-4/a9da8aa87726ab5eeaceff96420a5bed/transformed/print-28.0.0/AndroidManifest.xml" />
    </CLASSES>
    <JAVADOC />
    <SOURCES />
  </library>
  <library name="Gradle: com.android.support:recyclerview-v7:28.0.0@aar" __external-system-id="GRADLE">
    <ANNOTATIONS>
      <root url="jar://$USER_HOME$/.gradle/caches/transforms-4/8258b9d24f9c2c6a1a51a79fc4c4468e/transformed/recyclerview-v7-28.0.0/annotations.zip!/" />
    </ANNOTATIONS>
    <CLASSES>
      <root url="jar://$USER_HOME$/.gradle/caches/transforms-4/8258b9d24f9c2c6a1a51a79fc4c4468e/transformed/recyclerview-v7-28.0.0/jars/classes.jar!/" />
      <root url="file://$USER_HOME$/.gradle/caches/transforms-4/8258b9d24f9c2c6a1a51a79fc4c4468e/transformed/recyclerview-v7-28.0.0/res" />
      <root url="file://$USER_HOME$/.gradle/caches/transforms-4/8258b9d24f9c2c6a1a51a79fc4c4468e/transformed/recyclerview-v7-28.0.0/AndroidManifest.xml" />
    </CLASSES>
    <JAVADOC />
    <SOURCES />
  </library>
  <library name="Gradle: com.android.support:slidingpanelayout:28.0.0@aar" __external-system-id="GRADLE">
    <CLASSES>
      <root url="jar://$USER_HOME$/.gradle/caches/transforms-4/7a0d83ff8fb3a4b42e14db6f5332b2af/transformed/slidingpanelayout-28.0.0/jars/classes.jar!/" />
      <root url="file://$USER_HOME$/.gradle/caches/transforms-4/7a0d83ff8fb3a4b42e14db6f5332b2af/transformed/slidingpanelayout-28.0.0/AndroidManifest.xml" />
    </CLASSES>
    <JAVADOC />
    <SOURCES />
  </library>
  <library name="Gradle: com.android.support:support-annotations:28.0.0" type="java-imported" __external-system-id="GRADLE">
    <properties groupId="com.android.support" artifactId="support-annotations" version="28.0.0" />
    <CLASSES>
      <root url="jar://$USER_HOME$/.gradle/caches/modules-2/files-2.1/com.android.support/support-annotations/28.0.0/ed73f5337a002d1fd24339d5fb08c2c9d9ca60d8/support-annotations-28.0.0.jar!/" />
    </CLASSES>
    <JAVADOC />
    <SOURCES />
  </library>
  <library name="Gradle: com.android.support:support-compat:28.0.0@aar" __external-system-id="GRADLE">
    <ANNOTATIONS>
      <root url="jar://$USER_HOME$/.gradle/caches/transforms-4/e436603b0e7d8b9a6d4a3c75499239d3/transformed/support-compat-28.0.0/annotations.zip!/" />
    </ANNOTATIONS>
    <CLASSES>
      <root url="jar://$USER_HOME$/.gradle/caches/transforms-4/e436603b0e7d8b9a6d4a3c75499239d3/transformed/support-compat-28.0.0/jars/classes.jar!/" />
      <root url="file://$USER_HOME$/.gradle/caches/transforms-4/e436603b0e7d8b9a6d4a3c75499239d3/transformed/support-compat-28.0.0/res" />
      <root url="file://$USER_HOME$/.gradle/caches/transforms-4/e436603b0e7d8b9a6d4a3c75499239d3/transformed/support-compat-28.0.0/AndroidManifest.xml" />
    </CLASSES>
    <JAVADOC />
    <SOURCES />
  </library>
  <library name="Gradle: com.android.support:support-core-ui:28.0.0@aar" __external-system-id="GRADLE">
    <CLASSES>
      <root url="jar://$USER_HOME$/.gradle/caches/transforms-4/cb275d41dc10a61aeedc3e206817d4a9/transformed/support-core-ui-28.0.0/jars/classes.jar!/" />
      <root url="file://$USER_HOME$/.gradle/caches/transforms-4/cb275d41dc10a61aeedc3e206817d4a9/transformed/support-core-ui-28.0.0/AndroidManifest.xml" />
    </CLASSES>
    <JAVADOC />
    <SOURCES />
  </library>
  <library name="Gradle: com.android.support:support-core-utils:28.0.0@aar" __external-system-id="GRADLE">
    <CLASSES>
      <root url="jar://$USER_HOME$/.gradle/caches/transforms-4/19067865408d020abfb8451b2e1f9351/transformed/support-core-utils-28.0.0/jars/classes.jar!/" />
      <root url="file://$USER_HOME$/.gradle/caches/transforms-4/19067865408d020abfb8451b2e1f9351/transformed/support-core-utils-28.0.0/AndroidManifest.xml" />
    </CLASSES>
    <JAVADOC />
    <SOURCES />
  </library>
  <library name="Gradle: com.android.support:support-fragment:28.0.0@aar" __external-system-id="GRADLE">
    <ANNOTATIONS>
      <root url="jar://$USER_HOME$/.gradle/caches/transforms-4/b633a1786575ae92f546997cc5ab6e85/transformed/support-fragment-28.0.0/annotations.zip!/" />
    </ANNOTATIONS>
    <CLASSES>
      <root url="jar://$USER_HOME$/.gradle/caches/transforms-4/b633a1786575ae92f546997cc5ab6e85/transformed/support-fragment-28.0.0/jars/classes.jar!/" />
      <root url="file://$USER_HOME$/.gradle/caches/transforms-4/b633a1786575ae92f546997cc5ab6e85/transformed/support-fragment-28.0.0/AndroidManifest.xml" />
    </CLASSES>
    <JAVADOC />
    <SOURCES />
  </library>
  <library name="Gradle: com.android.support:support-media-compat:28.0.0@aar" __external-system-id="GRADLE">
    <ANNOTATIONS>
      <root url="jar://$USER_HOME$/.gradle/caches/transforms-4/98e81c77869d3c3aa7ddca872d0cb790/transformed/support-media-compat-28.0.0/annotations.zip!/" />
    </ANNOTATIONS>
    <CLASSES>
      <root url="jar://$USER_HOME$/.gradle/caches/transforms-4/98e81c77869d3c3aa7ddca872d0cb790/transformed/support-media-compat-28.0.0/jars/classes.jar!/" />
      <root url="file://$USER_HOME$/.gradle/caches/transforms-4/98e81c77869d3c3aa7ddca872d0cb790/transformed/support-media-compat-28.0.0/res" />
      <root url="file://$USER_HOME$/.gradle/caches/transforms-4/98e81c77869d3c3aa7ddca872d0cb790/transformed/support-media-compat-28.0.0/AndroidManifest.xml" />
    </CLASSES>
    <JAVADOC />
    <SOURCES />
  </library>
  <library name="Gradle: com.android.support:support-v4:28.0.0@aar" __external-system-id="GRADLE">
    <CLASSES>
      <root url="jar://$USER_HOME$/.gradle/caches/transforms-4/c0b5c8c276d10ec6f0d530ab8e8b1679/transformed/support-v4-28.0.0/jars/classes.jar!/" />
      <root url="file://$USER_HOME$/.gradle/caches/transforms-4/c0b5c8c276d10ec6f0d530ab8e8b1679/transformed/support-v4-28.0.0/AndroidManifest.xml" />
    </CLASSES>
    <JAVADOC />
    <SOURCES />
  </library>
  <library name="Gradle: com.android.support:support-vector-drawable:28.0.0@aar" __external-system-id="GRADLE">
    <CLASSES>
      <root url="jar://$USER_HOME$/.gradle/caches/transforms-4/3e4c5a1f561433b45c2301638a59194e/transformed/support-vector-drawable-28.0.0/jars/classes.jar!/" />
      <root url="file://$USER_HOME$/.gradle/caches/transforms-4/3e4c5a1f561433b45c2301638a59194e/transformed/support-vector-drawable-28.0.0/AndroidManifest.xml" />
    </CLASSES>
    <JAVADOC />
    <SOURCES />
  </library>
  <library name="Gradle: com.android.support:swiperefreshlayout:28.0.0@aar" __external-system-id="GRADLE">
    <ANNOTATIONS>
      <root url="jar://$USER_HOME$/.gradle/caches/transforms-4/8068171464881bd8f70175ecd5d82f98/transformed/swiperefreshlayout-28.0.0/annotations.zip!/" />
    </ANNOTATIONS>
    <CLASSES>
      <root url="jar://$USER_HOME$/.gradle/caches/transforms-4/8068171464881bd8f70175ecd5d82f98/transformed/swiperefreshlayout-28.0.0/jars/classes.jar!/" />
      <root url="file://$USER_HOME$/.gradle/caches/transforms-4/8068171464881bd8f70175ecd5d82f98/transformed/swiperefreshlayout-28.0.0/AndroidManifest.xml" />
    </CLASSES>
    <JAVADOC />
    <SOURCES />
  </library>
  <library name="Gradle: com.android.support:transition:28.0.0@aar" __external-system-id="GRADLE">
    <ANNOTATIONS>
      <root url="jar://$USER_HOME$/.gradle/caches/transforms-4/99dce50bd4589fa80881b65c3776cb02/transformed/transition-28.0.0/annotations.zip!/" />
    </ANNOTATIONS>
    <CLASSES>
      <root url="jar://$USER_HOME$/.gradle/caches/transforms-4/99dce50bd4589fa80881b65c3776cb02/transformed/transition-28.0.0/jars/classes.jar!/" />
      <root url="file://$USER_HOME$/.gradle/caches/transforms-4/99dce50bd4589fa80881b65c3776cb02/transformed/transition-28.0.0/res" />
      <root url="file://$USER_HOME$/.gradle/caches/transforms-4/99dce50bd4589fa80881b65c3776cb02/transformed/transition-28.0.0/AndroidManifest.xml" />
    </CLASSES>
    <JAVADOC />
    <SOURCES />
  </library>
  <library name="Gradle: com.android.support:versionedparcelable:28.0.0@aar" __external-system-id="GRADLE">
    <CLASSES>
      <root url="jar://$USER_HOME$/.gradle/caches/transforms-4/661947f7b3d090571a3a365a2f7f83de/transformed/versionedparcelable-28.0.0/jars/classes.jar!/" />
      <root url="file://$USER_HOME$/.gradle/caches/transforms-4/661947f7b3d090571a3a365a2f7f83de/transformed/versionedparcelable-28.0.0/AndroidManifest.xml" />
    </CLASSES>
    <JAVADOC />
    <SOURCES />
  </library>
  <library name="Gradle: com.android.support:viewpager:28.0.0@aar" __external-system-id="GRADLE">
    <CLASSES>
      <root url="jar://$USER_HOME$/.gradle/caches/transforms-4/fe50ac496f7b15eb13eba9e2bf312bb0/transformed/viewpager-28.0.0/jars/classes.jar!/" />
      <root url="file://$USER_HOME$/.gradle/caches/transforms-4/fe50ac496f7b15eb13eba9e2bf312bb0/transformed/viewpager-28.0.0/AndroidManifest.xml" />
    </CLASSES>
    <JAVADOC />
    <SOURCES />
  </library>
  <library name="Gradle: com.google.android.gms:play-services-base:18.5.0@aar" __external-system-id="GRADLE">
    <CLASSES>
      <root url="jar://$USER_HOME$/.gradle/caches/transforms-4/e5659e1937f61c6e915af8a6aced8357/transformed/play-services-base-18.5.0/jars/classes.jar!/" />
      <root url="file://$USER_HOME$/.gradle/caches/transforms-4/e5659e1937f61c6e915af8a6aced8357/transformed/play-services-base-18.5.0/res" />
      <root url="file://$USER_HOME$/.gradle/caches/transforms-4/e5659e1937f61c6e915af8a6aced8357/transformed/play-services-base-18.5.0/AndroidManifest.xml" />
    </CLASSES>
    <JAVADOC>
      <root url="jar://$USER_HOME$/.gradle/caches/modules-2/files-2.1/com.google.android.gms/play-services-base/18.5.0/c697e00aa6b72f400eb98f8e5741f267cef9cfcf/play-services-base-18.5.0-javadoc.jar!/" />
    </JAVADOC>
    <SOURCES />
  </library>
  <library name="Gradle: com.google.android.gms:play-services-basement:18.4.0@aar" __external-system-id="GRADLE">
    <CLASSES>
      <root url="jar://$USER_HOME$/.gradle/caches/transforms-4/6cf0b62c2c9346f30f9222dfc8014db9/transformed/play-services-basement-18.4.0/jars/classes.jar!/" />
      <root url="file://$USER_HOME$/.gradle/caches/transforms-4/6cf0b62c2c9346f30f9222dfc8014db9/transformed/play-services-basement-18.4.0/res" />
      <root url="file://$USER_HOME$/.gradle/caches/transforms-4/6cf0b62c2c9346f30f9222dfc8014db9/transformed/play-services-basement-18.4.0/AndroidManifest.xml" />
    </CLASSES>
    <JAVADOC>
      <root url="jar://$USER_HOME$/.gradle/caches/modules-2/files-2.1/com.google.android.gms/play-services-basement/18.4.0/e61eb1de744d26db0c5234739277e8cb80e7ebdf/play-services-basement-18.4.0-javadoc.jar!/" />
    </JAVADOC>
    <SOURCES />
  </library>
  <library name="Gradle: com.google.android.gms:play-services-location:15.0.1@aar" __external-system-id="GRADLE">
    <CLASSES>
      <root url="jar://$USER_HOME$/.gradle/caches/transforms-4/1c222831bf8399cbeb517543c6fb0303/transformed/play-services-location-15.0.1/jars/classes.jar!/" />
      <root url="file://$USER_HOME$/.gradle/caches/transforms-4/1c222831bf8399cbeb517543c6fb0303/transformed/play-services-location-15.0.1/AndroidManifest.xml" />
    </CLASSES>
    <JAVADOC />
    <SOURCES />
  </library>
  <library name="Gradle: com.google.android.gms:play-services-maps:19.0.0@aar" __external-system-id="GRADLE">
    <CLASSES>
      <root url="jar://$USER_HOME$/.gradle/caches/transforms-4/e6af1b0ba79b17dde2f36351e4efa3dc/transformed/play-services-maps-19.0.0/jars/classes.jar!/" />
      <root url="file://$USER_HOME$/.gradle/caches/transforms-4/e6af1b0ba79b17dde2f36351e4efa3dc/transformed/play-services-maps-19.0.0/res" />
      <root url="file://$USER_HOME$/.gradle/caches/transforms-4/e6af1b0ba79b17dde2f36351e4efa3dc/transformed/play-services-maps-19.0.0/AndroidManifest.xml" />
    </CLASSES>
    <JAVADOC>
      <root url="jar://$USER_HOME$/.gradle/caches/modules-2/files-2.1/com.google.android.gms/play-services-maps/19.0.0/9887b63ea0b0aca5c4869c10de42fa4d7760baa0/play-services-maps-19.0.0-javadoc.jar!/" />
    </JAVADOC>
    <SOURCES />
  </library>
  <library name="Gradle: com.google.android.gms:play-services-places-placereport:15.0.1@aar" __external-system-id="GRADLE">
    <CLASSES>
      <root url="jar://$USER_HOME$/.gradle/caches/transforms-4/fe41e196e1ac0a25f02040a9389147b6/transformed/play-services-places-placereport-15.0.1/jars/classes.jar!/" />
      <root url="file://$USER_HOME$/.gradle/caches/transforms-4/fe41e196e1ac0a25f02040a9389147b6/transformed/play-services-places-placereport-15.0.1/AndroidManifest.xml" />
    </CLASSES>
    <JAVADOC />
    <SOURCES />
  </library>
  <library name="Gradle: com.google.android.gms:play-services-tasks:18.2.0@aar" __external-system-id="GRADLE">
    <CLASSES>
      <root url="jar://$USER_HOME$/.gradle/caches/transforms-4/d187889bf599c6d9f364003111763a39/transformed/play-services-tasks-18.2.0/jars/classes.jar!/" />
      <root url="file://$USER_HOME$/.gradle/caches/transforms-4/d187889bf599c6d9f364003111763a39/transformed/play-services-tasks-18.2.0/AndroidManifest.xml" />
    </CLASSES>
    <JAVADOC>
      <root url="jar://$USER_HOME$/.gradle/caches/modules-2/files-2.1/com.google.android.gms/play-services-tasks/18.2.0/f516720cfade7dc3a12716b3e70c2fcd938713d3/play-services-tasks-18.2.0-javadoc.jar!/" />
    </JAVADOC>
    <SOURCES />
  </library>
  <library name="Gradle: com.google.android.libraries.maps:maps:3.1.0-beta@aar" __external-system-id="GRADLE">
    <CLASSES>
      <root url="jar://$USER_HOME$/.gradle/caches/transforms-4/cd4c216b0fbcf4c263c7712d2de7bb83/transformed/maps-3.1.0-beta/jars/classes.jar!/" />
      <root url="file://$USER_HOME$/.gradle/caches/transforms-4/cd4c216b0fbcf4c263c7712d2de7bb83/transformed/maps-3.1.0-beta/res" />
      <root url="file://$USER_HOME$/.gradle/caches/transforms-4/cd4c216b0fbcf4c263c7712d2de7bb83/transformed/maps-3.1.0-beta/AndroidManifest.xml" />
    </CLASSES>
    <JAVADOC />
    <SOURCES />
  </library>
  <library name="Gradle: com.google.android.material:material:1.12.0@aar" __external-system-id="GRADLE">
    <ANNOTATIONS>
      <root url="jar://$USER_HOME$/.gradle/caches/transforms-4/e4d63ef9e88000b76062cb61f91817fb/transformed/material-1.12.0/annotations.zip!/" />
    </ANNOTATIONS>
    <CLASSES>
      <root url="file://$USER_HOME$/.gradle/caches/transforms-4/e4d63ef9e88000b76062cb61f91817fb/transformed/material-1.12.0/AndroidManifest.xml" />
      <root url="file://$USER_HOME$/.gradle/caches/transforms-4/e4d63ef9e88000b76062cb61f91817fb/transformed/material-1.12.0/res" />
      <root url="jar://$USER_HOME$/.gradle/caches/transforms-4/e4d63ef9e88000b76062cb61f91817fb/transformed/material-1.12.0/jars/classes.jar!/" />
    </CLASSES>
    <JAVADOC />
    <SOURCES>
      <root url="jar://$USER_HOME$/.gradle/caches/modules-2/files-2.1/com.google.android.material/material/1.12.0/5583a9ff7f51bd568ac8b94496ec3d1ec787a015/material-1.12.0-sources.jar!/" />
    </SOURCES>
  </library>
  <library name="Gradle: com.google.code.findbugs:jsr305:3.0.2" type="java-imported" __external-system-id="GRADLE">
    <properties groupId="com.google.code.findbugs" artifactId="jsr305" version="3.0.2" />
    <CLASSES>
      <root url="jar://$USER_HOME$/.gradle/caches/modules-2/files-2.1/com.google.code.findbugs/jsr305/3.0.2/25ea2e8b0c338a877313bd4672d3fe056ea78f0d/jsr305-3.0.2.jar!/" />
    </CLASSES>
    <JAVADOC>
      <root url="jar://$USER_HOME$/.gradle/caches/modules-2/files-2.1/com.google.code.findbugs/jsr305/3.0.2/7cb5b4e91eb0741882c8fefb2fd0338eff9857c/jsr305-3.0.2-javadoc.jar!/" />
    </JAVADOC>
    <SOURCES>
      <root url="jar://$USER_HOME$/.gradle/caches/modules-2/files-2.1/com.google.code.findbugs/jsr305/3.0.2/b19b5927c2c25b6c70f093767041e641ae0b1b35/jsr305-3.0.2-sources.jar!/" />
    </SOURCES>
  </library>
  <library name="Gradle: com.google.code.gson:gson:2.8.5" type="java-imported" __external-system-id="GRADLE">
    <properties groupId="com.google.code.gson" artifactId="gson" version="2.8.5" />
    <CLASSES>
      <root url="jar://$USER_HOME$/.gradle/caches/modules-2/files-2.1/com.google.code.gson/gson/2.8.5/f645ed69d595b24d4cf8b3fbb64cc505bede8829/gson-2.8.5.jar!/" />
    </CLASSES>
    <JAVADOC>
      <root url="jar://$USER_HOME$/.gradle/caches/modules-2/files-2.1/com.google.code.gson/gson/2.8.5/a2841d93c258a70e320be81586e92208a60144f2/gson-2.8.5-javadoc.jar!/" />
    </JAVADOC>
    <SOURCES>
      <root url="jar://$USER_HOME$/.gradle/caches/modules-2/files-2.1/com.google.code.gson/gson/2.8.5/c5b4c491aecb72e7c32a78da0b5c6b9cda8dee0f/gson-2.8.5-sources.jar!/" />
    </SOURCES>
  </library>
  <library name="Gradle: com.google.dagger:dagger:2.17" type="java-imported" __external-system-id="GRADLE">
    <properties groupId="com.google.dagger" artifactId="dagger" version="2.17" />
    <CLASSES>
      <root url="jar://$USER_HOME$/.gradle/caches/modules-2/files-2.1/com.google.dagger/dagger/2.17/25e4130ca54cb143c58f707ecfd3f6936f39592f/dagger-2.17.jar!/" />
    </CLASSES>
    <JAVADOC>
      <root url="jar://$USER_HOME$/.gradle/caches/modules-2/files-2.1/com.google.dagger/dagger/2.17/ae15e46e303bb78fe3489f00548b4ce1e6976e28/dagger-2.17-javadoc.jar!/" />
    </JAVADOC>
    <SOURCES>
      <root url="jar://$USER_HOME$/.gradle/caches/modules-2/files-2.1/com.google.dagger/dagger/2.17/70a741229a5aeda881250b21593e38f112f2b07f/dagger-2.17-sources.jar!/" />
    </SOURCES>
  </library>
  <library name="Gradle: com.google.errorprone:error_prone_annotations:2.15.0" type="java-imported" __external-system-id="GRADLE">
    <properties groupId="com.google.errorprone" artifactId="error_prone_annotations" version="2.15.0" />
    <CLASSES>
      <root url="jar://$USER_HOME$/.gradle/caches/modules-2/files-2.1/com.google.errorprone/error_prone_annotations/2.15.0/38c8485a652f808c8c149150da4e5c2b0bd17f9a/error_prone_annotations-2.15.0.jar!/" />
    </CLASSES>
    <JAVADOC>
      <root url="jar://$USER_HOME$/.gradle/caches/modules-2/files-2.1/com.google.errorprone/error_prone_annotations/2.15.0/8bea21f3cb9cfa4bb47e0d328b4c4b63ae42cae1/error_prone_annotations-2.15.0-javadoc.jar!/" />
    </JAVADOC>
    <SOURCES>
      <root url="jar://$USER_HOME$/.gradle/caches/modules-2/files-2.1/com.google.errorprone/error_prone_annotations/2.15.0/794ef8faf8cc26143ae9ed825bfae9c8b6924565/error_prone_annotations-2.15.0-sources.jar!/" />
    </SOURCES>
  </library>
  <library name="Gradle: com.google.guava:listenablefuture:1.0" type="java-imported" __external-system-id="GRADLE">
    <properties groupId="com.google.guava" artifactId="listenablefuture" version="1.0" />
    <CLASSES>
      <root url="jar://$USER_HOME$/.gradle/caches/modules-2/files-2.1/com.google.guava/listenablefuture/1.0/c949a840a6acbc5268d088e47b04177bf90b3cad/listenablefuture-1.0.jar!/" />
    </CLASSES>
    <JAVADOC>
      <root url="jar://$USER_HOME$/.gradle/caches/modules-2/files-2.1/com.google.guava/listenablefuture/1.0/c6fc3e29c8cc24b39c2cd8f66b41bf40e342901c/listenablefuture-1.0-javadoc.jar!/" />
    </JAVADOC>
    <SOURCES>
      <root url="jar://$USER_HOME$/.gradle/caches/modules-2/files-2.1/com.google.guava/listenablefuture/1.0/be1234988ac73d61e52e35a912169b06020caa7/listenablefuture-1.0-sources.jar!/" />
    </SOURCES>
  </library>
  <library name="Gradle: javax.inject:javax.inject:1" type="java-imported" __external-system-id="GRADLE">
    <properties groupId="javax.inject" artifactId="javax.inject" version="1" />
    <CLASSES>
      <root url="jar://$USER_HOME$/.gradle/caches/modules-2/files-2.1/javax.inject/javax.inject/1/6975da39a7040257bd51d21a231b76c915872d38/javax.inject-1.jar!/" />
    </CLASSES>
    <JAVADOC>
      <root url="jar://$USER_HOME$/.gradle/caches/modules-2/files-2.1/javax.inject/javax.inject/1/70ec961c25111ed9015d1af77772d96383c2d238/javax.inject-1-javadoc.jar!/" />
    </JAVADOC>
    <SOURCES>
      <root url="jar://$USER_HOME$/.gradle/caches/modules-2/files-2.1/javax.inject/javax.inject/1/a00123f261762a7c5e0ec916a2c7c8298d29c400/javax.inject-1-sources.jar!/" />
    </SOURCES>
  </library>
  <library name="Gradle: junit:junit:4.13.2" type="java-imported" __external-system-id="GRADLE">
    <properties groupId="junit" artifactId="junit" version="4.13.2" />
    <CLASSES>
      <root url="jar://$USER_HOME$/.gradle/caches/modules-2/files-2.1/junit/junit/4.13.2/8ac9e16d933b6fb43bc7f576336b8f4d7eb5ba12/junit-4.13.2.jar!/" />
    </CLASSES>
    <JAVADOC>
      <root url="jar://$USER_HOME$/.gradle/caches/modules-2/files-2.1/junit/junit/4.13.2/f2f3f384dacd2ade2ddf7aa7e0f4360dfee38672/junit-4.13.2-javadoc.jar!/" />
    </JAVADOC>
    <SOURCES>
      <root url="jar://$USER_HOME$/.gradle/caches/modules-2/files-2.1/junit/junit/4.13.2/33987872a811fe4d4001ed494b07854822257f42/junit-4.13.2-sources.jar!/" />
    </SOURCES>
  </library>
  <library name="Gradle: org.hamcrest:hamcrest-core:1.3" type="java-imported" __external-system-id="GRADLE">
    <properties groupId="org.hamcrest" artifactId="hamcrest-core" version="1.3" />
    <CLASSES>
      <root url="jar://$USER_HOME$/.gradle/caches/modules-2/files-2.1/org.hamcrest/hamcrest-core/1.3/42a25dc3219429f0e5d060061f71acb49bf010a0/hamcrest-core-1.3.jar!/" />
    </CLASSES>
    <JAVADOC>
      <root url="jar://$USER_HOME$/.gradle/caches/modules-2/files-2.1/org.hamcrest/hamcrest-core/1.3/ad09811315f1d4f5756986575b0ea16b99cd686f/hamcrest-core-1.3-javadoc.jar!/" />
    </JAVADOC>
    <SOURCES>
      <root url="jar://$USER_HOME$/.gradle/caches/modules-2/files-2.1/org.hamcrest/hamcrest-core/1.3/1dc37250fbc78e23a65a67fbbaf71d2e9cbc3c0b/hamcrest-core-1.3-sources.jar!/" />
    </SOURCES>
  </library>
  <library name="Gradle: org.hamcrest:hamcrest-library:1.3" type="java-imported" __external-system-id="GRADLE">
    <properties groupId="org.hamcrest" artifactId="hamcrest-library" version="1.3" />
    <CLASSES>
      <root url="jar://$USER_HOME$/.gradle/caches/modules-2/files-2.1/org.hamcrest/hamcrest-library/1.3/4785a3c21320980282f9f33d0d1264a69040538f/hamcrest-library-1.3.jar!/" />
    </CLASSES>
    <JAVADOC>
      <root url="jar://$USER_HOME$/.gradle/caches/modules-2/files-2.1/org.hamcrest/hamcrest-library/1.3/4324046c5f99f3dc91b5370899fa3ae65fd137d2/hamcrest-library-1.3-javadoc.jar!/" />
    </JAVADOC>
    <SOURCES>
      <root url="jar://$USER_HOME$/.gradle/caches/modules-2/files-2.1/org.hamcrest/hamcrest-library/1.3/47a7ee46628ab7133129cd7cef1e92657bc275e/hamcrest-library-1.3-sources.jar!/" />
    </SOURCES>
  </library>
  <library name="Gradle: org.jetbrains.kotlin:kotlin-stdlib-common:1.8.22" type="kotlin.common" __external-system-id="GRADLE">
    <properties groupId="org.jetbrains.kotlin" artifactId="kotlin-stdlib-common" version="1.8.22" />
    <CLASSES>
      <root url="jar://$USER_HOME$/.gradle/caches/modules-2/files-2.1/org.jetbrains.kotlin/kotlin-stdlib-common/1.8.22/1a8e3601703ae14bb58757ea6b2d8e8e5935a586/kotlin-stdlib-common-1.8.22.jar!/" />
    </CLASSES>
    <JAVADOC>
      <root url="jar://$USER_HOME$/.gradle/caches/modules-2/files-2.1/org.jetbrains.kotlin/kotlin-stdlib-common/1.8.22/5b8f86fea035328fc9e8c660773037a3401ce25f/kotlin-stdlib-common-1.8.22-javadoc.jar!/" />
    </JAVADOC>
    <SOURCES>
      <root url="jar://$USER_HOME$/.gradle/caches/modules-2/files-2.1/org.jetbrains.kotlin/kotlin-stdlib-common/1.8.22/ae313b979b8e620a6497cd323f9c5861f7aebef/kotlin-stdlib-common-1.8.22-sources.jar!/" />
    </SOURCES>
  </library>
  <library name="Gradle: org.jetbrains.kotlin:kotlin-stdlib-jdk7:1.8.22" type="java-imported" __external-system-id="GRADLE">
    <properties groupId="org.jetbrains.kotlin" artifactId="kotlin-stdlib-jdk7" version="1.8.22" />
    <CLASSES>
      <root url="jar://$USER_HOME$/.gradle/caches/modules-2/files-2.1/org.jetbrains.kotlin/kotlin-stdlib-jdk7/1.8.22/4dabb8248310d833bb6a8b516024a91fd3d275c/kotlin-stdlib-jdk7-1.8.22.jar!/" />
    </CLASSES>
    <JAVADOC>
      <root url="jar://$USER_HOME$/.gradle/caches/modules-2/files-2.1/org.jetbrains.kotlin/kotlin-stdlib-jdk7/1.8.22/5b8f86fea035328fc9e8c660773037a3401ce25f/kotlin-stdlib-jdk7-1.8.22-javadoc.jar!/" />
    </JAVADOC>
    <SOURCES>
      <root url="jar://$USER_HOME$/.gradle/caches/modules-2/files-2.1/org.jetbrains.kotlin/kotlin-stdlib-jdk7/1.8.22/3641d7cb7650db9fe93a5361b1b88cbcefdb01e0/kotlin-stdlib-jdk7-1.8.22-sources.jar!/" />
    </SOURCES>
  </library>
  <library name="Gradle: org.jetbrains.kotlin:kotlin-stdlib-jdk8:1.8.22" type="java-imported" __external-system-id="GRADLE">
    <properties groupId="org.jetbrains.kotlin" artifactId="kotlin-stdlib-jdk8" version="1.8.22" />
    <CLASSES>
      <root url="jar://$USER_HOME$/.gradle/caches/modules-2/files-2.1/org.jetbrains.kotlin/kotlin-stdlib-jdk8/1.8.22/b25c86d47d6b962b9cf0f8c3f320c8a10eea3dd1/kotlin-stdlib-jdk8-1.8.22.jar!/" />
    </CLASSES>
    <JAVADOC>
      <root url="jar://$USER_HOME$/.gradle/caches/modules-2/files-2.1/org.jetbrains.kotlin/kotlin-stdlib-jdk8/1.8.22/5b8f86fea035328fc9e8c660773037a3401ce25f/kotlin-stdlib-jdk8-1.8.22-javadoc.jar!/" />
    </JAVADOC>
    <SOURCES>
      <root url="jar://$USER_HOME$/.gradle/caches/modules-2/files-2.1/org.jetbrains.kotlin/kotlin-stdlib-jdk8/1.8.22/20739e7aae2a2bfb66c4081b233ffea7b947cf77/kotlin-stdlib-jdk8-1.8.22-sources.jar!/" />
    </SOURCES>
  </library>
  <library name="Gradle: org.jetbrains.kotlin:kotlin-stdlib:1.8.22" type="java-imported" __external-system-id="GRADLE">
    <properties groupId="org.jetbrains.kotlin" artifactId="kotlin-stdlib" version="1.8.22" />
    <CLASSES>
      <root url="jar://$USER_HOME$/.gradle/caches/modules-2/files-2.1/org.jetbrains.kotlin/kotlin-stdlib/1.8.22/636bf8b320e7627482771bbac9ed7246773c02bd/kotlin-stdlib-1.8.22.jar!/" />
    </CLASSES>
    <JAVADOC>
      <root url="jar://$USER_HOME$/.gradle/caches/modules-2/files-2.1/org.jetbrains.kotlin/kotlin-stdlib/1.8.22/5b8f86fea035328fc9e8c660773037a3401ce25f/kotlin-stdlib-1.8.22-javadoc.jar!/" />
    </JAVADOC>
    <SOURCES>
      <root url="jar://$USER_HOME$/.gradle/caches/modules-2/files-2.1/org.jetbrains.kotlin/kotlin-stdlib/1.8.22/6a8d4dfebb88f951bcd9f58636f085bf24ff3e8b/kotlin-stdlib-1.8.22-sources.jar!/" />
    </SOURCES>
  </library>
  <library name="Gradle: org.jetbrains.kotlinx:kotlinx-coroutines-android:1.6.4" type="java-imported" __external-system-id="GRADLE">
    <properties groupId="org.jetbrains.kotlinx" artifactId="kotlinx-coroutines-android" version="1.6.4" />
    <CLASSES>
      <root url="jar://$USER_HOME$/.gradle/caches/modules-2/files-2.1/org.jetbrains.kotlinx/kotlinx-coroutines-android/1.6.4/f955fc8b2ad196e2f4429598440e15f7492eeb2b/kotlinx-coroutines-android-1.6.4.jar!/" />
    </CLASSES>
    <JAVADOC>
      <root url="jar://$USER_HOME$/.gradle/caches/modules-2/files-2.1/org.jetbrains.kotlinx/kotlinx-coroutines-android/1.6.4/2fec8028da0cd9545193de42e5cd4ca69274ac68/kotlinx-coroutines-android-1.6.4-javadoc.jar!/" />
    </JAVADOC>
    <SOURCES>
      <root url="jar://$USER_HOME$/.gradle/caches/modules-2/files-2.1/org.jetbrains.kotlinx/kotlinx-coroutines-android/1.6.4/1f1dc4b0cdd9695aa300378bc244702abb94312d/kotlinx-coroutines-android-1.6.4-sources.jar!/" />
    </SOURCES>
  </library>
  <library name="Gradle: org.jetbrains.kotlinx:kotlinx-coroutines-core-jvm:1.6.4" type="java-imported" __external-system-id="GRADLE">
    <properties groupId="org.jetbrains.kotlinx" artifactId="kotlinx-coroutines-core-jvm" version="1.6.4" />
    <CLASSES>
      <root url="jar://$USER_HOME$/.gradle/caches/modules-2/files-2.1/org.jetbrains.kotlinx/kotlinx-coroutines-core-jvm/1.6.4/2c997cd1c0ef33f3e751d3831929aeff1390cb30/kotlinx-coroutines-core-jvm-1.6.4.jar!/" />
    </CLASSES>
    <JAVADOC>
      <root url="jar://$USER_HOME$/.gradle/caches/modules-2/files-2.1/org.jetbrains.kotlinx/kotlinx-coroutines-core-jvm/1.6.4/fabe8d560081a2a5509ec895d59d0ee3618f8f8e/kotlinx-coroutines-core-jvm-1.6.4-javadoc.jar!/" />
    </JAVADOC>
    <SOURCES>
      <root url="jar://$USER_HOME$/.gradle/caches/modules-2/files-2.1/org.jetbrains.kotlinx/kotlinx-coroutines-core-jvm/1.6.4/f6a09bbc88df97983306c692aa43889ac78b98ef/kotlinx-coroutines-core-jvm-1.6.4-sources.jar!/" />
    </SOURCES>
  </library>
  <library name="Gradle: org.jetbrains:annotations:13.0" type="java-imported" __external-system-id="GRADLE">
    <properties groupId="org.jetbrains" artifactId="annotations" version="13.0" />
    <CLASSES>
      <root url="jar://$USER_HOME$/.gradle/caches/modules-2/files-2.1/org.jetbrains/annotations/13.0/919f0dfe192fb4e063e7dacadee7f8bb9a2672a9/annotations-13.0.jar!/" />
    </CLASSES>
    <JAVADOC>
      <root url="jar://$USER_HOME$/.gradle/caches/modules-2/files-2.1/org.jetbrains/annotations/13.0/73368c3b0887f3adc2c2730dd1b95d7c3781aaf3/annotations-13.0-javadoc.jar!/" />
    </JAVADOC>
    <SOURCES>
      <root url="jar://$USER_HOME$/.gradle/caches/modules-2/files-2.1/org.jetbrains/annotations/13.0/5991ca87ef1fb5544943d9abc5a9a37583fabe03/annotations-13.0-sources.jar!/" />
    </SOURCES>
  </library>
</component>