<project>
  <component name="ExternalProjectModuleManager">
    <modules>
      <module fileurl="file://$PROJECT_DIR$/.idea/modules/MonitoramentoAiko.iml" filepath="$PROJECT_DIR$/.idea/modules/MonitoramentoAiko.iml" />
      <module fileurl="file://$PROJECT_DIR$/.idea/modules/app/MonitoramentoAiko.app.iml" filepath="$PROJECT_DIR$/.idea/modules/app/MonitoramentoAiko.app.iml" />
      <module fileurl="file://$PROJECT_DIR$/.idea/modules/app/MonitoramentoAiko.app.androidTest.iml" filepath="$PROJECT_DIR$/.idea/modules/app/MonitoramentoAiko.app.androidTest.iml" />
      <module fileurl="file://$PROJECT_DIR$/.idea/modules/app/MonitoramentoAiko.app.main.iml" filepath="$PROJECT_DIR$/.idea/modules/app/MonitoramentoAiko.app.main.iml" />
      <module fileurl="file://$PROJECT_DIR$/.idea/modules/app/MonitoramentoAiko.app.unitTest.iml" filepath="$PROJECT_DIR$/.idea/modules/app/MonitoramentoAiko.app.unitTest.iml" />
    </modules>
  </component>
</project>